--
-- PostgreSQL database dump
--

\restrict R1g9vEoigJOlJxl9V4CTh4YqPew3P9vdDJUdZp9CzBNUBKnB1VrqZcFCA5UCmQd

-- Dumped from database version 16.12 (Debian 16.12-1.pgdg13+1)
-- Dumped by pg_dump version 16.12 (Debian 16.12-1.pgdg13+1)

SET statement_timeout = 0;
SET lock_timeout = 0;
SET idle_in_transaction_session_timeout = 0;
SET client_encoding = 'UTF8';
SET standard_conforming_strings = on;
SELECT pg_catalog.set_config('search_path', '', false);
SET check_function_bodies = false;
SET xmloption = content;
SET client_min_messages = warning;
SET row_security = off;

--
-- Data for Name: User; Type: TABLE DATA; Schema: public; Owner: -
--

SET SESSION AUTHORIZATION DEFAULT;

ALTER TABLE public."User" DISABLE TRIGGER ALL;

COPY public."User" (id, "auth0Sub", email, role, "createdAt", "updatedAt", name, address, phone) FROM stdin;
a2ae8fee-0682-4ab1-8de1-3a1f35074293	auth0|699eac27384188a88c45ff85	customer1@gmail.com	customer	2026-02-25 08:00:41.377	2026-02-25 08:00:41.377	\N	\N	\N
ec6dd209-a09a-4070-913b-6fafd348e401	auth0|69b283b2c1b0984b0ed5d02f	stylist4@gmail.com	stylist	2026-03-12 09:13:22.82	2026-03-12 10:54:37.637	stylist4	hjkh	9898
fb51d337-6eb2-49bd-9402-688b6fb78927	auth0|69b275ab900b0519b7028b3a	stylist@gmail.com	stylist	2026-03-12 08:13:31.601	2026-03-12 10:57:30.648	stylist3	kjh	078333677
bf615f8b-a97a-4062-bbf4-3ff076922679	auth0|69b2577dc1b0984b0ed5ac14	shineeomg1@gmail.com	stylist	2026-03-12 06:04:46.053	2026-03-12 10:59:44.985	stylist2	nmj,n	7898
6587e1a2-7e1e-4eb1-bfbf-9032f5e5d52c	auth0|699e9e5db1eb916294419489	admin1@gmail.com	admin	2026-02-25 07:01:50.556	2026-02-25 13:35:32.316	\N	\N	\N
25420121-4b44-490b-830e-cb402815c25d	auth0|699efab7b1eb91629441cff1	admin4@gmail.com	admin	2026-02-25 13:35:52.036	2026-02-25 13:35:52.036	\N	\N	\N
185d5613-3427-46e3-a778-4cc0a1b73196	auth0|699efa62b1eb91629441cfa0	admin3@gmail.com	admin	2026-02-25 13:34:27.705	2026-02-25 13:36:39.069	\N	\N	\N
53fcdb9f-099f-4dad-b66a-407f1985205c	auth0|699efafd03adb2d87da4550c	customer2@gmail.com	customer	2026-02-25 13:37:02.358	2026-02-25 13:37:02.358	\N	\N	\N
828afdf3-64a1-4ddb-ab00-e6fdc752362f	auth0|699f19a403adb2d87da46f24	customer@gmail.com	customer	2026-02-25 15:47:49.076	2026-02-25 15:47:49.076	\N	\N	\N
90a141fe-1f76-48e0-ad07-20102cda999a	auth0|699f217e384188a88c465430	blah@gmail.com	customer	2026-02-25 16:21:20.814	2026-02-25 16:21:20.814	\N	\N	\N
5ec79508-3090-4ff6-bd1e-a6e4532865bd	auth0|69a05cf32379b043cf5a7ec0	admin@gmail.com	admin	2026-02-26 14:47:17.945	2026-02-26 14:50:36.098	Admin	\N	\N
ff3941a9-3235-4d53-840c-f525a5e6319d	auth0|699d5011a23502a7d27058db	admin2@gmail.com	admin	2026-02-24 07:15:31.454	2026-02-27 10:01:02.103	Admin2	\N	\N
f5d668d0-8dc1-4014-bfa7-2860fc6ac8ab	auth0|69a175172e4c4c4ec2dc04b2	admin5@gmail.com	admin	2026-02-27 10:42:32.135	2026-02-27 10:42:32.135	admin5@gmail.com	\N	\N
6bd166bc-0037-4124-95ff-866cdb863d9f	auth0|699d48f542c199d2e34f2393	shinee@gmail.com	customer	2026-02-24 06:45:10.831	2026-02-24 16:28:18.983	\N	\N	\N
e1826181-fe35-4417-a7d7-cb097966d7cc	auth0|69b54779b1ef65f662d8dae5	b@gmail.com	stylist	2026-03-14 11:33:11.35	2026-03-14 11:33:11.35	stylsit		
b6f30b93-0415-4da0-921e-598991f1b6d7	auth0|699d484ea23502a7d27053e3	thisuli@gmail.com	customer	2026-02-24 06:42:27.798	2026-02-25 05:49:16.473	\N	\N	\N
e9260b70-bf2f-4b3f-97a8-14928eabc152	auth0|69b252a0d2cdc6406d3e3f56	tennysonbella@gmail.com	stylist	2026-03-12 05:44:00.792	2026-03-12 05:44:00.792	stylist1	13, C Rd, Gampaha	0701892873
1abe50c4-4adc-4d4b-bd5f-f0abe99c84b3	auth0|69b54786b1ef65f662d8daeb	c@gmail.com	stylist	2026-03-14 11:33:25.119	2026-03-17 05:54:31.415	stylist		
2a3166ab-1601-4e4d-84ef-87e8cbca2ac8	auth0|69ba78a229f5641dcaecde64	consumer2@gmail.com	customer	2026-03-18 10:04:24.269	2026-03-18 10:04:24.269	consumer2@gmail.com	\N	\N
779afa49-a9d1-482a-bf01-94fecac6d5ec	auth0|69bab742b87a343fc7e0a1c3	salon@gmail.com	admin	2026-03-18 14:31:36.549	2026-03-18 14:31:36.549	salon@gmail.com	\N	\N
26ef7b4d-352e-40ca-b623-5b472be069ce	auth0|69b54760d204d45368c36e8d	a@gmail.com	stylist	2026-03-14 11:32:48.556	2026-03-20 08:17:27.918	stylist5		
c82247a0-6941-4bb5-8b8f-3162b5664c6b	auth0|69ba5dd165a262332729b23b	consumer@gmail.com	customer	2026-03-19 08:12:14.267	2026-04-04 06:40:11.45	consumer	\N	\N
8e48adb5-2fb9-4304-90c7-1de5f9a5201e	auth0|69bd40ebe6c85da262d37525	consumer3@gmail.com	customer	2026-03-20 12:43:26.618	2026-04-04 06:42:48.987	consumer3	\N	\N
\.


ALTER TABLE public."User" ENABLE TRIGGER ALL;

--
-- Data for Name: Customer; Type: TABLE DATA; Schema: public; Owner: -
--

ALTER TABLE public."Customer" DISABLE TRIGGER ALL;

COPY public."Customer" (id, "userId", "createdAt", "updatedAt") FROM stdin;
6868151f-b742-4e15-adf7-ffc07058ed55	2a3166ab-1601-4e4d-84ef-87e8cbca2ac8	2026-03-18 10:04:25.684	2026-03-18 10:04:25.684
3164c6f9-251e-4b3c-afb4-7386c86ada18	c82247a0-6941-4bb5-8b8f-3162b5664c6b	2026-03-19 08:12:14.626	2026-03-19 08:12:14.626
5f51d81b-4def-4b70-89c7-19adbe169a92	8e48adb5-2fb9-4304-90c7-1de5f9a5201e	2026-03-20 12:43:28.148	2026-03-20 12:43:28.148
\.


ALTER TABLE public."Customer" ENABLE TRIGGER ALL;

--
-- Data for Name: Salon; Type: TABLE DATA; Schema: public; Owner: -
--

ALTER TABLE public."Salon" DISABLE TRIGGER ALL;

COPY public."Salon" (id, name, phone, address, "createdAt", "updatedAt", "adminUserId") FROM stdin;
1b9fcbf8-fbf9-476b-aeff-15f9e09047b7	hjkh	b6768	hgjg	2026-02-27 07:18:09.268	2026-02-27 07:18:09.268	6587e1a2-7e1e-4eb1-bfbf-9032f5e5d52c
5e2b331e-3bfe-4aa8-b304-7651286ba75d	Beaute	7878	jhkjhkh	2026-02-27 07:25:13.995	2026-02-27 10:04:39.353	ff3941a9-3235-4d53-840c-f525a5e6319d
e6b9fdba-b1ca-46ac-bd0d-d5c11aa4234c	hjhkjhkj	8989	kjhkjhjh	2026-02-27 11:04:24.778	2026-02-27 11:04:24.778	f5d668d0-8dc1-4014-bfa7-2860fc6ac8ab
7bd53dae-3f8d-415b-bd32-52f23f20470c	saasaassa	090909	hkhkjhksd	2026-02-27 11:21:24.604	2026-02-27 11:21:24.604	185d5613-3427-46e3-a778-4cc0a1b73196
128b9161-6d42-497b-802d-af38fd73ec62	THE salon	0701892876	OMG, Dustbin	2026-03-18 14:32:48.184	2026-03-18 14:32:48.184	779afa49-a9d1-482a-bf01-94fecac6d5ec
cd98e604-5a0b-40aa-b69a-5faef7fb8959	beauty	0808080	No. 146, ABC Rd, Colombo	2026-03-03 13:22:32.138	2026-03-26 07:13:21.312	5ec79508-3090-4ff6-bd1e-a6e4532865bd
\.


ALTER TABLE public."Salon" ENABLE TRIGGER ALL;

--
-- Data for Name: Appointment; Type: TABLE DATA; Schema: public; Owner: -
--

ALTER TABLE public."Appointment" DISABLE TRIGGER ALL;

COPY public."Appointment" (id, "customerId", "salonId", date, "startTime", "endTime", "totalLkr", status, "createdAt", "updatedAt") FROM stdin;
b723a57e-8659-4bce-927f-8762848b3e3f	5f51d81b-4def-4b70-89c7-19adbe169a92	cd98e604-5a0b-40aa-b69a-5faef7fb8959	2026-03-21 12:00:00	10:00	10:30	800	pending	2026-03-20 12:45:28.214	2026-03-20 12:45:28.214
19ef74ad-0e13-4f7e-be8d-1c66c1039809	3164c6f9-251e-4b3c-afb4-7386c86ada18	cd98e604-5a0b-40aa-b69a-5faef7fb8959	2026-03-23 12:00:00	10:30	11:45	1800	confirmed	2026-03-23 04:24:59.915	2026-03-25 16:11:05.335
39a5984f-572d-4aad-9f3c-3dbb9e9d8c88	3164c6f9-251e-4b3c-afb4-7386c86ada18	cd98e604-5a0b-40aa-b69a-5faef7fb8959	2026-03-20 12:00:00	16:00	17:15	1800	cancelled	2026-03-20 08:09:42.147	2026-03-25 16:11:05.335
ddd4cf08-3b75-47f5-89a4-2f99b03c69ec	3164c6f9-251e-4b3c-afb4-7386c86ada18	cd98e604-5a0b-40aa-b69a-5faef7fb8959	2026-03-20 12:00:00	09:00	10:15	1800	completed	2026-03-19 08:21:08.556	2026-03-25 16:11:05.335
2a72f2c9-5918-4138-a4ab-651934713e24	3164c6f9-251e-4b3c-afb4-7386c86ada18	cd98e604-5a0b-40aa-b69a-5faef7fb8959	2026-03-26 12:00:00	10:00	10:30	800	pending	2026-03-25 16:12:51.103	2026-03-25 16:12:51.103
813a36c8-22b1-4301-a0ac-84e6648dd9d6	3164c6f9-251e-4b3c-afb4-7386c86ada18	cd98e604-5a0b-40aa-b69a-5faef7fb8959	2026-03-27 12:00:00	10:00	11:15	1800	pending	2026-03-27 07:35:20.942	2026-03-27 07:35:20.942
7f02c6f4-3279-437c-b1a9-d883bb7d180b	3164c6f9-251e-4b3c-afb4-7386c86ada18	cd98e604-5a0b-40aa-b69a-5faef7fb8959	2026-03-31 12:00:00	10:00	11:15	1800	confirmed	2026-03-30 12:54:09.248	2026-03-30 12:54:09.248
e0d0f10e-74f2-4f4e-9ab1-16bd8b41d84b	5f51d81b-4def-4b70-89c7-19adbe169a92	cd98e604-5a0b-40aa-b69a-5faef7fb8959	2026-03-30 12:00:00	10:00	11:15	1800	confirmed	2026-03-30 12:58:09.349	2026-03-30 12:58:09.349
\.


ALTER TABLE public."Appointment" ENABLE TRIGGER ALL;

--
-- Data for Name: Category; Type: TABLE DATA; Schema: public; Owner: -
--

ALTER TABLE public."Category" DISABLE TRIGGER ALL;

COPY public."Category" (id, name, description, "salonId", "createdAt", "updatedAt") FROM stdin;
ef7cb2cd-491c-4c4b-b169-fdcb2042091a	Blahhh	sdadasda	7bd53dae-3f8d-415b-bd32-52f23f20470c	2026-03-02 06:08:39.751	2026-03-12 06:19:34.532
9aae7e8a-faf5-4efb-a472-41f81ab00ca2	dfd	fddfdfdf	7bd53dae-3f8d-415b-bd32-52f23f20470c	2026-03-02 06:15:46.9	2026-03-12 06:19:34.532
5ec3a40e-b2bd-47e5-9b03-67dea8b0f03d	tttttt	tttttt	7bd53dae-3f8d-415b-bd32-52f23f20470c	2026-03-02 06:17:24.857	2026-03-12 06:19:34.532
35e8f5d8-80a8-477a-b900-8b81ec0b6234	sdsd	sdsdsd	7bd53dae-3f8d-415b-bd32-52f23f20470c	2026-03-02 06:22:18.307	2026-03-12 06:19:34.532
f194f631-290e-4283-b890-5b04fe555545	sdsdsdd	sdsd	7bd53dae-3f8d-415b-bd32-52f23f20470c	2026-03-02 06:23:03.34	2026-03-12 06:19:34.532
c5e58efd-b687-4c9c-a367-8b6d54dfcca2	GFF	GFFFFF	7bd53dae-3f8d-415b-bd32-52f23f20470c	2026-03-02 06:36:27.116	2026-03-12 06:19:34.532
7b988070-4f15-4461-a9da-e0c8bbef1c34	thoooo	thoooooo	7bd53dae-3f8d-415b-bd32-52f23f20470c	2026-03-02 06:42:50.046	2026-03-12 06:19:34.532
f8ed05e6-6302-49cc-a8f1-efab24ebf875	hhhh	hhh	7bd53dae-3f8d-415b-bd32-52f23f20470c	2026-03-02 06:53:04.576	2026-03-12 06:19:34.532
9655694e-b160-4ea7-a44d-a55eeeb3f061	NEWWW	NEWWWW	7bd53dae-3f8d-415b-bd32-52f23f20470c	2026-03-02 07:02:56.031	2026-03-12 06:19:34.532
0ec94b72-8427-4bb4-9263-f9ee31dc94d5	jooo	jooooo	7bd53dae-3f8d-415b-bd32-52f23f20470c	2026-03-02 07:07:20.761	2026-03-12 06:19:34.532
f41a7d6e-362a-403b-b106-a469c2315c12	Haircut Services	Experience tailored styles that complement you, crafted with attention to detail.	cd98e604-5a0b-40aa-b69a-5faef7fb8959	2026-03-03 13:25:17.895	2026-03-12 06:19:34.532
a9a1c4bb-b911-4e38-ba4a-5703d80c467c	Hair Coloring	COlor color	cd98e604-5a0b-40aa-b69a-5faef7fb8959	2026-03-12 04:59:58.237	2026-03-12 06:19:34.532
\.


ALTER TABLE public."Category" ENABLE TRIGGER ALL;

--
-- Data for Name: Style; Type: TABLE DATA; Schema: public; Owner: -
--

ALTER TABLE public."Style" DISABLE TRIGGER ALL;

COPY public."Style" (id, name, description, category, "createdAt", "updatedAt") FROM stdin;
3e062549-417d-42bc-a844-229bf07afeb1	Layered Bob	\N	Haircut	2026-03-25 07:31:15.527	2026-03-25 07:31:15.527
7d759d6c-6322-4dc1-bb95-d90dba1a70fd	Textured Lob	\N	Haircut	2026-03-25 07:31:16.712	2026-03-25 07:31:16.712
8e873d3b-f05d-4696-bed3-7263cdae6719	Crew Cut	\N	Haircut	2026-03-25 07:31:16.8	2026-03-25 07:31:16.8
d238b8f7-8497-4e13-a0e6-a7803b8f7874	Pixie Cut	\N	Haircut	2026-03-25 07:31:16.813	2026-03-25 07:31:16.813
7f285ef1-6205-46a3-b2d3-440f96fc2bbe	Balayage	\N	Color	2026-03-25 07:31:16.82	2026-03-25 07:31:16.82
214f08c0-0f22-4958-b851-9d837903cb72	Highlights	\N	Color	2026-03-25 07:31:16.826	2026-03-25 07:31:16.826
9dabad99-2c9b-401d-afb0-24083d3c45bb	Keratin Treatment	\N	Treatment	2026-03-25 07:31:16.867	2026-03-25 07:31:16.867
d572631c-c239-4433-b30e-fb758da18751	Hair Spa	\N	Treatment	2026-03-25 07:31:16.875	2026-03-25 07:31:16.875
2d8b1c39-da1a-4ba8-b48c-4d6b1ff0100b	Blow Dry	\N	Styling	2026-03-25 07:31:16.898	2026-03-25 07:31:16.898
5b271dba-8204-43ab-9726-a7be849b8f8f	Deep Conditioning	\N	Treatment	2026-03-25 07:31:16.929	2026-03-25 07:31:16.929
\.


ALTER TABLE public."Style" ENABLE TRIGGER ALL;

--
-- Data for Name: Service; Type: TABLE DATA; Schema: public; Owner: -
--

ALTER TABLE public."Service" DISABLE TRIGGER ALL;

COPY public."Service" (id, name, description, "durationMin", "priceLkr", "salonId", "createdAt", "updatedAt", "categoryId", "styleId") FROM stdin;
2c8b53a2-d0e5-4157-a20b-f676e9e68fcf	new sevice	jkdljjcl	45	1000	7bd53dae-3f8d-415b-bd32-52f23f20470c	2026-03-02 06:08:39.781	2026-03-02 06:08:39.781	ef7cb2cd-491c-4c4b-b169-fdcb2042091a	\N
c4a5da77-4c4d-49e7-b951-a62cea81ed22	fsd	dssd	45	1000	7bd53dae-3f8d-415b-bd32-52f23f20470c	2026-03-02 06:09:50.478	2026-03-02 06:09:50.478	ef7cb2cd-491c-4c4b-b169-fdcb2042091a	\N
f0ec6d84-6f0b-4a3c-b077-2a4fc6b2abc2	fddfdf		45	1000	7bd53dae-3f8d-415b-bd32-52f23f20470c	2026-03-02 06:15:46.948	2026-03-02 06:15:46.948	9aae7e8a-faf5-4efb-a472-41f81ab00ca2	\N
86479f46-a85e-4edb-8da0-3e81448c9353	tttttttt	ttttttt	45	1000	7bd53dae-3f8d-415b-bd32-52f23f20470c	2026-03-02 06:17:24.862	2026-03-02 06:17:24.862	5ec3a40e-b2bd-47e5-9b03-67dea8b0f03d	\N
52a2acad-f39a-4fbe-847e-8d3647567539	sdsdsdsd	sdsdsdsd	45	1000	7bd53dae-3f8d-415b-bd32-52f23f20470c	2026-03-02 06:23:03.344	2026-03-02 06:23:03.344	f194f631-290e-4283-b890-5b04fe555545	\N
e09e33b9-6a9d-4587-aebe-76dce5d9ce64	sdsdsdsdgg	ggggg	45	1000	7bd53dae-3f8d-415b-bd32-52f23f20470c	2026-03-02 06:42:50.061	2026-03-02 06:42:50.061	7b988070-4f15-4461-a9da-e0c8bbef1c34	\N
a9635c58-0c21-48fc-b1b6-d7b01d393fca	hh	hhhh	45	1000	7bd53dae-3f8d-415b-bd32-52f23f20470c	2026-03-02 06:53:04.593	2026-03-26 07:11:25.669	f8ed05e6-6302-49cc-a8f1-efab24ebf875	3e062549-417d-42bc-a844-229bf07afeb1
16b61266-80ec-47ee-a409-084dfe116345	Trim Cut	sdfsfsfsdsf	15	500	cd98e604-5a0b-40aa-b69a-5faef7fb8959	2026-03-26 09:49:58.266	2026-03-26 09:49:58.266	f41a7d6e-362a-403b-b106-a469c2315c12	\N
bd812253-8b42-4f94-b6f1-166a1dd268ca	Color Bob	dsfsfd	15	500	cd98e604-5a0b-40aa-b69a-5faef7fb8959	2026-03-26 09:52:27.173	2026-03-26 09:52:27.173	a9a1c4bb-b911-4e38-ba4a-5703d80c467c	3e062549-417d-42bc-a844-229bf07afeb1
02ff3e2d-a633-4e8a-a474-023252ebd5eb	Bob Cut	FDFF	45	1000	7bd53dae-3f8d-415b-bd32-52f23f20470c	2026-03-02 06:36:27.276	2026-03-26 06:56:43.387	c5e58efd-b687-4c9c-a367-8b6d54dfcca2	3e062549-417d-42bc-a844-229bf07afeb1
889ae17d-0ecb-413e-9fc5-4fb2f011d124	Bob Cut	A mix of a mullet and a shag, featuring heavy, choppy layers at the crown to add volume and texture.	30	800	cd98e604-5a0b-40aa-b69a-5faef7fb8959	2026-03-03 13:26:52.118	2026-03-26 06:59:22.744	f41a7d6e-362a-403b-b106-a469c2315c12	3e062549-417d-42bc-a844-229bf07afeb1
144e13af-2695-4936-8a57-c3110dd65368	Wolf Cut	Customizable short-to-medium length styles, typically cut around jaw-to-shoulder level.	15	500	cd98e604-5a0b-40aa-b69a-5faef7fb8959	2026-03-03 13:25:18.114	2026-03-26 07:09:39.73	f41a7d6e-362a-403b-b106-a469c2315c12	3e062549-417d-42bc-a844-229bf07afeb1
162c51db-5df9-4007-b8cb-2d199dc33c86	lob cut	dfgdfg	45	1000	7bd53dae-3f8d-415b-bd32-52f23f20470c	2026-03-02 07:02:56.067	2026-03-26 07:10:45.392	9655694e-b160-4ea7-a44d-a55eeeb3f061	3e062549-417d-42bc-a844-229bf07afeb1
1e9d6c81-1788-4d51-a411-bc489ee809e9	dsd	sdsd	45	1000	7bd53dae-3f8d-415b-bd32-52f23f20470c	2026-03-02 06:22:18.314	2026-03-26 07:10:45.392	35e8f5d8-80a8-477a-b900-8b81ec0b6234	3e062549-417d-42bc-a844-229bf07afeb1
25f9128c-c018-4792-bd44-4e2f8dbcf346	bob cut		45	1000	7bd53dae-3f8d-415b-bd32-52f23f20470c	2026-03-02 06:09:18.24	2026-03-26 07:10:45.392	ef7cb2cd-491c-4c4b-b169-fdcb2042091a	3e062549-417d-42bc-a844-229bf07afeb1
396169de-411e-45dd-81af-987cea29ce70	trim	omg is so good	45	1000	7bd53dae-3f8d-415b-bd32-52f23f20470c	2026-03-02 07:29:30.768	2026-03-26 07:10:45.392	0ec94b72-8427-4bb4-9263-f9ee31dc94d5	3e062549-417d-42bc-a844-229bf07afeb1
cfad9066-663c-4031-8c90-34f00ad103b4	FGGGddssd	GGG	45	1000	7bd53dae-3f8d-415b-bd32-52f23f20470c	2026-03-02 06:42:19.865	2026-03-26 07:10:45.392	ef7cb2cd-491c-4c4b-b169-fdcb2042091a	3e062549-417d-42bc-a844-229bf07afeb1
9a0bbc2b-2a49-48e4-a896-e6e114ad39dd	ggggggg	gggggg	45	1000	7bd53dae-3f8d-415b-bd32-52f23f20470c	2026-03-02 07:07:29.37	2026-03-26 07:11:25.669	0ec94b72-8427-4bb4-9263-f9ee31dc94d5	3e062549-417d-42bc-a844-229bf07afeb1
6790e70e-98e4-4fa0-a7af-53c3b39393a0	Mid Length	ranging from temporary to permanent.	45	1000	cd98e604-5a0b-40aa-b69a-5faef7fb8959	2026-03-12 04:59:59.967	2026-03-26 07:11:25.669	a9a1c4bb-b911-4e38-ba4a-5703d80c467c	3e062549-417d-42bc-a844-229bf07afeb1
8034527c-6ea8-4df8-96ce-12c49409f38f	uy	yu	45	1000	7bd53dae-3f8d-415b-bd32-52f23f20470c	2026-03-02 06:43:01.166	2026-03-26 07:11:25.669	7b988070-4f15-4461-a9da-e0c8bbef1c34	3e062549-417d-42bc-a844-229bf07afeb1
a8261e9a-390f-4936-a49e-589cd9940e7d	dskoo	sdsdsd	45	1000	7bd53dae-3f8d-415b-bd32-52f23f20470c	2026-03-02 07:07:20.769	2026-03-26 07:11:25.669	0ec94b72-8427-4bb4-9263-f9ee31dc94d5	3e062549-417d-42bc-a844-229bf07afeb1
\.


ALTER TABLE public."Service" ENABLE TRIGGER ALL;

--
-- Data for Name: Stylist; Type: TABLE DATA; Schema: public; Owner: -
--

ALTER TABLE public."Stylist" DISABLE TRIGGER ALL;

COPY public."Stylist" (id, "salonId", "createdAt", bio, status, "userId", "yearsOfExperience", "updatedAt") FROM stdin;
95894f0a-ff60-4f06-93b5-a6d0cc9b6683	cd98e604-5a0b-40aa-b69a-5faef7fb8959	2026-03-12 05:44:00.924	blahhhhhhhhhhhhhhhhhhh	on_duty	e9260b70-bf2f-4b3f-97a8-14928eabc152	2	2026-03-12 08:20:45.351
f4ac3eee-1ac9-48ce-b177-3e509ca401d1	cd98e604-5a0b-40aa-b69a-5faef7fb8959	2026-03-12 09:13:24.442	hjkhk	on_leave	ec6dd209-a09a-4070-913b-6fafd348e401	2	2026-03-12 10:54:37.637
c42a285c-382f-4e74-b2cb-c2da5f756005	cd98e604-5a0b-40aa-b69a-5faef7fb8959	2026-03-12 08:13:32.038	kjhkh	on_leave	fb51d337-6eb2-49bd-9402-688b6fb78927	4	2026-03-12 10:57:30.648
12086c86-7fe7-4e0f-a9df-7174c986c0fb	cd98e604-5a0b-40aa-b69a-5faef7fb8959	2026-03-12 06:04:46.157	jhk,h,	on_duty	bf615f8b-a97a-4062-bbf4-3ff076922679	3	2026-03-12 10:59:44.985
7776b248-98a3-4824-935d-d47191538a05	cd98e604-5a0b-40aa-b69a-5faef7fb8959	2026-03-14 11:33:11.365		on_duty	e1826181-fe35-4417-a7d7-cb097966d7cc	1	2026-03-14 11:33:11.365
595cd8e9-cb45-4ff4-bbe2-1205c5640bb1	cd98e604-5a0b-40aa-b69a-5faef7fb8959	2026-03-14 11:32:48.72		on_duty	26ef7b4d-352e-40ca-b623-5b472be069ce	1	2026-03-15 17:18:03.125
96d418ff-0c1f-47a9-a61c-c6e5a39ee1ef	cd98e604-5a0b-40aa-b69a-5faef7fb8959	2026-03-14 11:33:25.128		on_duty	1abe50c4-4adc-4d4b-bd5f-f0abe99c84b3	1	2026-03-17 05:54:31.415
\.


ALTER TABLE public."Stylist" ENABLE TRIGGER ALL;

--
-- Data for Name: AppointmentService; Type: TABLE DATA; Schema: public; Owner: -
--

ALTER TABLE public."AppointmentService" DISABLE TRIGGER ALL;

COPY public."AppointmentService" (id, "appointmentId", "serviceId", "stylistId", "priceLkr", "durationMin", "endTime", sequence, "startTime") FROM stdin;
9801eb7b-6c37-4ecd-b28b-615ca48be5c9	ddd4cf08-3b75-47f5-89a4-2f99b03c69ec	6790e70e-98e4-4fa0-a7af-53c3b39393a0	12086c86-7fe7-4e0f-a9df-7174c986c0fb	1000	45	9:30	1	9:00
dae68828-2d9c-43f5-8cc7-012a1f4162f4	ddd4cf08-3b75-47f5-89a4-2f99b03c69ec	889ae17d-0ecb-413e-9fc5-4fb2f011d124	96d418ff-0c1f-47a9-a61c-c6e5a39ee1ef	800	30	10:15	2	9:30
f66b4952-6ab6-415c-a317-919d53ad53b8	39a5984f-572d-4aad-9f3c-3dbb9e9d8c88	6790e70e-98e4-4fa0-a7af-53c3b39393a0	12086c86-7fe7-4e0f-a9df-7174c986c0fb	1000	45	16:45	1	16:00
fc858e04-16df-4e21-aca5-ec0ac24839e8	39a5984f-572d-4aad-9f3c-3dbb9e9d8c88	889ae17d-0ecb-413e-9fc5-4fb2f011d124	595cd8e9-cb45-4ff4-bbe2-1205c5640bb1	800	30	17:15	2	16:45
6df8ee09-daaa-415e-b48f-c45e1973bf11	b723a57e-8659-4bce-927f-8762848b3e3f	889ae17d-0ecb-413e-9fc5-4fb2f011d124	595cd8e9-cb45-4ff4-bbe2-1205c5640bb1	800	30	10:30	1	10:00
0561d59d-ea9c-4140-8af6-be669d078175	19ef74ad-0e13-4f7e-be8d-1c66c1039809	6790e70e-98e4-4fa0-a7af-53c3b39393a0	12086c86-7fe7-4e0f-a9df-7174c986c0fb	1000	45	11:15	1	10:30
c2e6dfae-41c1-40e1-867c-505c8ae535c6	19ef74ad-0e13-4f7e-be8d-1c66c1039809	889ae17d-0ecb-413e-9fc5-4fb2f011d124	595cd8e9-cb45-4ff4-bbe2-1205c5640bb1	800	30	11:45	2	11:15
9cb3b9f7-0579-4ffb-9c3e-bf3433f563b5	2a72f2c9-5918-4138-a4ab-651934713e24	889ae17d-0ecb-413e-9fc5-4fb2f011d124	12086c86-7fe7-4e0f-a9df-7174c986c0fb	800	30	10:30	1	10:00
efbe7f84-6305-4d01-b904-e904502432e8	813a36c8-22b1-4301-a0ac-84e6648dd9d6	889ae17d-0ecb-413e-9fc5-4fb2f011d124	12086c86-7fe7-4e0f-a9df-7174c986c0fb	800	30	10:30	1	10:00
81280d41-0c72-48ea-9272-efe59bab8c8c	813a36c8-22b1-4301-a0ac-84e6648dd9d6	6790e70e-98e4-4fa0-a7af-53c3b39393a0	12086c86-7fe7-4e0f-a9df-7174c986c0fb	1000	45	11:15	2	10:30
9bd02cd6-f8b4-4fde-8d4f-85192ff5e836	7f02c6f4-3279-437c-b1a9-d883bb7d180b	6790e70e-98e4-4fa0-a7af-53c3b39393a0	12086c86-7fe7-4e0f-a9df-7174c986c0fb	1000	45	10:45	1	10:00
6bc3b40b-dd3e-45e2-aba5-0cc769dd8b3e	7f02c6f4-3279-437c-b1a9-d883bb7d180b	889ae17d-0ecb-413e-9fc5-4fb2f011d124	12086c86-7fe7-4e0f-a9df-7174c986c0fb	800	30	11:15	2	10:45
bcede08f-f9c6-48f3-af89-7426bbfe939d	e0d0f10e-74f2-4f4e-9ab1-16bd8b41d84b	6790e70e-98e4-4fa0-a7af-53c3b39393a0	12086c86-7fe7-4e0f-a9df-7174c986c0fb	1000	45	10:45	1	10:00
0645e50b-1147-48f1-987b-044cac0cb468	e0d0f10e-74f2-4f4e-9ab1-16bd8b41d84b	889ae17d-0ecb-413e-9fc5-4fb2f011d124	595cd8e9-cb45-4ff4-bbe2-1205c5640bb1	800	30	11:15	2	10:45
\.


ALTER TABLE public."AppointmentService" ENABLE TRIGGER ALL;

--
-- Data for Name: Payment; Type: TABLE DATA; Schema: public; Owner: -
--

ALTER TABLE public."Payment" DISABLE TRIGGER ALL;

COPY public."Payment" (id, "appointmentId", "amountLkr", status, method, "payherePaymentId", "createdAt", "updatedAt") FROM stdin;
87d2312a-788b-4a9f-9219-4698261d235d	7f02c6f4-3279-437c-b1a9-d883bb7d180b	1800	paid	payhere	320032586057	2026-03-30 12:54:09.489	2026-03-30 12:54:09.489
fb345378-ffc0-4229-afb4-6d2dd533a456	e0d0f10e-74f2-4f4e-9ab1-16bd8b41d84b	1800	paid	payhere	320032586059	2026-03-30 12:58:09.36	2026-03-30 12:58:09.36
\.


ALTER TABLE public."Payment" ENABLE TRIGGER ALL;

--
-- Data for Name: PendingPayment; Type: TABLE DATA; Schema: public; Owner: -
--

ALTER TABLE public."PendingPayment" DISABLE TRIGGER ALL;

COPY public."PendingPayment" (id, "userId", "salonId", date, "startTime", "totalLkr", "bookingSnapshot", failed, "appointmentId", "createdAt") FROM stdin;
cmnd6vwf00001eiksvhhfvdpb	c82247a0-6941-4bb5-8b8f-3162b5664c6b	cd98e604-5a0b-40aa-b69a-5faef7fb8959	2026-03-31 12:00:00	10:00	1800	"{\\"serviceAssignments\\":[{\\"serviceId\\":\\"6790e70e-98e4-4fa0-a7af-53c3b39393a0\\",\\"stylistId\\":\\"12086c86-7fe7-4e0f-a9df-7174c986c0fb\\",\\"sequence\\":1},{\\"serviceId\\":\\"889ae17d-0ecb-413e-9fc5-4fb2f011d124\\",\\"stylistId\\":\\"12086c86-7fe7-4e0f-a9df-7174c986c0fb\\",\\"sequence\\":2}],\\"segments\\":[{\\"serviceId\\":\\"6790e70e-98e4-4fa0-a7af-53c3b39393a0\\",\\"sequence\\":1,\\"durationMin\\":45,\\"startTime\\":\\"10:00\\",\\"endTime\\":\\"10:45\\"},{\\"serviceId\\":\\"889ae17d-0ecb-413e-9fc5-4fb2f011d124\\",\\"sequence\\":2,\\"durationMin\\":30,\\"startTime\\":\\"10:45\\",\\"endTime\\":\\"11:15\\"}]}"	f	7f02c6f4-3279-437c-b1a9-d883bb7d180b	2026-03-30 12:53:50.17
cmnd710p80001einoagt3m2gb	8e48adb5-2fb9-4304-90c7-1de5f9a5201e	cd98e604-5a0b-40aa-b69a-5faef7fb8959	2026-03-30 12:00:00	10:00	1800	"{\\"serviceAssignments\\":[{\\"serviceId\\":\\"6790e70e-98e4-4fa0-a7af-53c3b39393a0\\",\\"stylistId\\":\\"12086c86-7fe7-4e0f-a9df-7174c986c0fb\\",\\"sequence\\":1},{\\"serviceId\\":\\"889ae17d-0ecb-413e-9fc5-4fb2f011d124\\",\\"stylistId\\":\\"595cd8e9-cb45-4ff4-bbe2-1205c5640bb1\\",\\"sequence\\":2}],\\"segments\\":[{\\"serviceId\\":\\"6790e70e-98e4-4fa0-a7af-53c3b39393a0\\",\\"sequence\\":1,\\"durationMin\\":45,\\"startTime\\":\\"10:00\\",\\"endTime\\":\\"10:45\\"},{\\"serviceId\\":\\"889ae17d-0ecb-413e-9fc5-4fb2f011d124\\",\\"sequence\\":2,\\"durationMin\\":30,\\"startTime\\":\\"10:45\\",\\"endTime\\":\\"11:15\\"}]}"	f	e0d0f10e-74f2-4f4e-9ab1-16bd8b41d84b	2026-03-30 12:57:49.005
\.


ALTER TABLE public."PendingPayment" ENABLE TRIGGER ALL;

--
-- Data for Name: SalonBusinessHour; Type: TABLE DATA; Schema: public; Owner: -
--

ALTER TABLE public."SalonBusinessHour" DISABLE TRIGGER ALL;

COPY public."SalonBusinessHour" (id, "salonId", "dayOfWeek", "openTime", "closeTime", "isClosed", "createdAt", "updatedAt", "slotDuration") FROM stdin;
8a12ccdd-d831-4bc4-8b21-ced419413a2d	cd98e604-5a0b-40aa-b69a-5faef7fb8959	sunday	09:00	18:00	f	2026-03-12 07:54:51.019	2026-03-23 04:21:05.619	15
c2831601-9efa-4fec-a3d8-215e5a4f2537	cd98e604-5a0b-40aa-b69a-5faef7fb8959	tuesday	09:00	18:00	f	2026-03-12 07:54:51.019	2026-03-23 04:21:05.619	15
3db78dd1-d9b2-416b-8daf-5f3cb4e03c1a	128b9161-6d42-497b-802d-af38fd73ec62	monday	09:00	18:00	f	2026-03-18 14:34:32.985	2026-03-18 14:34:32.985	15
5ca5b697-493d-41d6-99d4-a6b46216a63b	128b9161-6d42-497b-802d-af38fd73ec62	tuesday	09:00	18:00	f	2026-03-18 14:34:32.985	2026-03-18 14:34:32.985	15
1f58515f-2060-4f15-84c9-7eb0293d0665	128b9161-6d42-497b-802d-af38fd73ec62	wednesday	09:00	18:00	f	2026-03-18 14:34:32.985	2026-03-18 14:34:32.985	15
25008548-f1e0-474d-9682-0f5237032dc4	128b9161-6d42-497b-802d-af38fd73ec62	thursday	09:00	18:00	f	2026-03-18 14:34:32.985	2026-03-18 14:34:32.985	15
5f0fdc9e-478a-4c86-b943-b433705ec770	128b9161-6d42-497b-802d-af38fd73ec62	friday	09:00	18:00	f	2026-03-18 14:34:32.985	2026-03-18 14:34:32.985	15
5392d47b-f5c4-471c-8c17-938f4ae0bf91	128b9161-6d42-497b-802d-af38fd73ec62	saturday	09:00	18:00	f	2026-03-18 14:34:32.985	2026-03-18 14:34:32.985	15
ed5e18a6-b2e9-4de7-96a8-599c0447f177	128b9161-6d42-497b-802d-af38fd73ec62	sunday	09:00	18:00	f	2026-03-18 14:34:32.985	2026-03-18 14:34:32.985	15
b08e0ab8-d3a0-4659-9e06-c74ccbae662e	cd98e604-5a0b-40aa-b69a-5faef7fb8959	thursday	09:00	18:00	f	2026-03-12 07:54:51.019	2026-03-18 16:20:30.611	15
1822499b-cccd-45b6-98e7-a89fc31b3ea5	cd98e604-5a0b-40aa-b69a-5faef7fb8959	friday	09:00	18:00	f	2026-03-12 07:54:51.019	2026-03-18 16:20:30.611	15
633a8bbd-3c7f-4b13-b446-1215f54d3d21	cd98e604-5a0b-40aa-b69a-5faef7fb8959	saturday	08:00	15:00	f	2026-03-12 07:54:51.019	2026-03-18 16:20:30.611	15
12dacfc9-9347-40cb-8930-add3e091b9dc	cd98e604-5a0b-40aa-b69a-5faef7fb8959	monday	09:00	18:30	f	2026-03-12 07:54:51.019	2026-03-23 04:21:05.619	15
909233a5-60c5-445c-9f37-22f39c7d234c	cd98e604-5a0b-40aa-b69a-5faef7fb8959	wednesday	09:00	18:00	f	2026-03-12 07:54:51.019	2026-03-23 04:21:05.619	15
\.


ALTER TABLE public."SalonBusinessHour" ENABLE TRIGGER ALL;

--
-- Data for Name: StaffWeeklyShift; Type: TABLE DATA; Schema: public; Owner: -
--

ALTER TABLE public."StaffWeeklyShift" DISABLE TRIGGER ALL;

COPY public."StaffWeeklyShift" (id, "stylistId", "dayOfWeek", "startTime", "endTime", "isOff", "createdAt", "updatedAt") FROM stdin;
06216162-e7e8-4dee-9eb2-f9ba92916ba8	c42a285c-382f-4e74-b2cb-c2da5f756005	monday	09:00	18:30	f	2026-03-12 10:57:30.648	2026-03-12 10:57:30.648
6c6ac940-2536-42c8-bf03-ec69a984ee05	c42a285c-382f-4e74-b2cb-c2da5f756005	tuesday	09:00	18:30	f	2026-03-12 10:57:30.648	2026-03-12 10:57:30.648
8e1188d7-6f5b-4461-83ab-ffa926408a63	c42a285c-382f-4e74-b2cb-c2da5f756005	wednesday	09:00	18:00	t	2026-03-12 10:57:30.648	2026-03-12 10:57:30.648
afa2a0cc-a860-4518-975b-b0c727375157	c42a285c-382f-4e74-b2cb-c2da5f756005	thursday	08:00	18:00	f	2026-03-12 10:57:30.648	2026-03-12 10:57:30.648
c25cb60a-42c7-4955-8b36-1d1980bbe733	c42a285c-382f-4e74-b2cb-c2da5f756005	friday	09:00	18:00	f	2026-03-12 10:57:30.648	2026-03-12 10:57:30.648
3a9d4022-c0ea-4e86-b484-3588b1dc5806	c42a285c-382f-4e74-b2cb-c2da5f756005	saturday	09:00	18:00	f	2026-03-12 10:57:30.648	2026-03-12 10:57:30.648
aebf1a03-44a2-4443-98f2-bc323bfba683	c42a285c-382f-4e74-b2cb-c2da5f756005	sunday	09:00	18:00	t	2026-03-12 10:57:30.648	2026-03-12 10:57:30.648
31c23a84-9d20-46d5-b057-897d20b51485	12086c86-7fe7-4e0f-a9df-7174c986c0fb	monday	09:00	18:00	f	2026-03-12 10:59:44.985	2026-03-12 10:59:44.985
6470ba04-dc41-410b-9d6a-f94926b23d86	12086c86-7fe7-4e0f-a9df-7174c986c0fb	tuesday	09:00	18:00	f	2026-03-12 10:59:44.985	2026-03-12 10:59:44.985
bf7bad8e-91be-4cbd-a045-732effcef122	12086c86-7fe7-4e0f-a9df-7174c986c0fb	wednesday	09:00	18:00	f	2026-03-12 10:59:44.985	2026-03-12 10:59:44.985
702a2dee-0e5d-44bd-ae7a-d6f8657c57ef	12086c86-7fe7-4e0f-a9df-7174c986c0fb	thursday	09:00	18:00	f	2026-03-12 10:59:44.985	2026-03-12 10:59:44.985
c2e902b7-9cd8-4e08-bd12-b65d2c2f9e4b	12086c86-7fe7-4e0f-a9df-7174c986c0fb	friday	09:00	18:00	f	2026-03-12 10:59:44.985	2026-03-12 10:59:44.985
b3c0c3cf-c287-405b-b4f2-7aaac16566b6	12086c86-7fe7-4e0f-a9df-7174c986c0fb	saturday	09:00	18:00	f	2026-03-12 10:59:44.985	2026-03-12 10:59:44.985
60877c9a-fcaa-427e-a75b-5fee477b0f73	12086c86-7fe7-4e0f-a9df-7174c986c0fb	sunday	09:00	18:00	t	2026-03-12 10:59:44.985	2026-03-12 10:59:44.985
8adccf30-5531-4393-a2d3-216adca0674d	7776b248-98a3-4824-935d-d47191538a05	monday	09:00	18:00	f	2026-03-14 11:33:11.365	2026-03-14 11:33:11.365
ec10d882-3c0d-4a44-9c45-34db275a8f72	7776b248-98a3-4824-935d-d47191538a05	tuesday	09:00	18:00	f	2026-03-14 11:33:11.365	2026-03-14 11:33:11.365
b78ccf30-9773-439c-99ad-36c0e2acb3ef	7776b248-98a3-4824-935d-d47191538a05	wednesday	09:00	18:00	f	2026-03-14 11:33:11.365	2026-03-14 11:33:11.365
4b823db6-317d-4eb1-b6d6-e5df2a5603ec	7776b248-98a3-4824-935d-d47191538a05	thursday	09:00	18:00	f	2026-03-14 11:33:11.365	2026-03-14 11:33:11.365
58671134-dcb5-40d2-bffb-4e71a431f6d5	7776b248-98a3-4824-935d-d47191538a05	friday	09:00	18:00	f	2026-03-14 11:33:11.365	2026-03-14 11:33:11.365
0c485ff8-57a1-41e2-bb64-1246a1f989fc	7776b248-98a3-4824-935d-d47191538a05	saturday	09:00	18:00	f	2026-03-14 11:33:11.365	2026-03-14 11:33:11.365
a79c72ad-1b3d-4144-882b-cac6a4fe7b61	7776b248-98a3-4824-935d-d47191538a05	sunday	09:00	18:00	t	2026-03-14 11:33:11.365	2026-03-14 11:33:11.365
7755c6ba-5acd-493f-ada4-c576c60b71bd	f4ac3eee-1ac9-48ce-b177-3e509ca401d1	monday	08:00	18:00	t	2026-03-12 10:54:37.637	2026-03-12 10:54:37.637
e39c6e77-26b4-4d75-97cb-8f08be37df64	f4ac3eee-1ac9-48ce-b177-3e509ca401d1	tuesday	09:00	18:00	t	2026-03-12 10:54:37.637	2026-03-12 10:54:37.637
6953cfb1-e143-4715-8170-6dcbe301dc16	f4ac3eee-1ac9-48ce-b177-3e509ca401d1	wednesday	09:00	18:00	t	2026-03-12 10:54:37.637	2026-03-12 10:54:37.637
7c61b526-0c30-46dd-9e4d-976929ea52f7	f4ac3eee-1ac9-48ce-b177-3e509ca401d1	thursday	09:00	18:30	t	2026-03-12 10:54:37.637	2026-03-12 10:54:37.637
a2afac31-3ba0-455f-86b3-587f042ab80d	f4ac3eee-1ac9-48ce-b177-3e509ca401d1	friday	09:00	18:00	t	2026-03-12 10:54:37.637	2026-03-12 10:54:37.637
ed9a9dee-a9c3-490e-a1c5-fb6de704ca47	f4ac3eee-1ac9-48ce-b177-3e509ca401d1	saturday	09:00	18:00	t	2026-03-12 10:54:37.637	2026-03-12 10:54:37.637
f4ef29aa-784f-415d-adf9-7232066f1cec	f4ac3eee-1ac9-48ce-b177-3e509ca401d1	sunday	09:00	18:00	t	2026-03-12 10:54:37.637	2026-03-12 10:54:37.637
37a5a35b-d7a8-4578-9ced-efec2fd5319c	595cd8e9-cb45-4ff4-bbe2-1205c5640bb1	monday	09:00	18:00	f	2026-03-15 17:18:03.125	2026-03-15 17:18:03.125
610ae339-66d3-4690-a82b-b4bc60dfb57d	595cd8e9-cb45-4ff4-bbe2-1205c5640bb1	tuesday	09:00	18:00	f	2026-03-15 17:18:03.125	2026-03-15 17:18:03.125
0e4200a1-88f6-4bf6-845f-4bad6b84bcf1	595cd8e9-cb45-4ff4-bbe2-1205c5640bb1	wednesday	09:00	18:00	t	2026-03-15 17:18:03.125	2026-03-15 17:18:03.125
ac191c64-0edb-40d9-924f-5ca173fd5560	595cd8e9-cb45-4ff4-bbe2-1205c5640bb1	thursday	09:00	18:00	t	2026-03-15 17:18:03.125	2026-03-15 17:18:03.125
01cdbb7d-cfa5-4202-b12e-4187fe61e663	595cd8e9-cb45-4ff4-bbe2-1205c5640bb1	friday	09:00	18:00	f	2026-03-15 17:18:03.125	2026-03-15 17:18:03.125
4378d275-cc69-4a4e-bd2b-00bc20688121	595cd8e9-cb45-4ff4-bbe2-1205c5640bb1	saturday	09:00	18:00	f	2026-03-15 17:18:03.125	2026-03-15 17:18:03.125
1bcc7ee6-c161-497e-9501-c72891821161	595cd8e9-cb45-4ff4-bbe2-1205c5640bb1	sunday	12:30	18:00	f	2026-03-15 17:18:03.125	2026-03-15 17:18:03.125
f6bf7a6e-9dc4-4ee9-bb5d-fcc2e4f63f1a	96d418ff-0c1f-47a9-a61c-c6e5a39ee1ef	monday	09:00	18:00	f	2026-03-17 05:54:31.415	2026-03-17 05:54:31.415
c4130936-675a-43d8-9254-a94a6cc8546c	96d418ff-0c1f-47a9-a61c-c6e5a39ee1ef	tuesday	09:00	18:00	f	2026-03-17 05:54:31.415	2026-03-17 05:54:31.415
57d6d764-6003-4f59-b8ca-65034c4897a6	96d418ff-0c1f-47a9-a61c-c6e5a39ee1ef	wednesday	09:00	18:00	f	2026-03-17 05:54:31.415	2026-03-17 05:54:31.415
79cb825c-07fa-4963-bc5e-cb62d33901d5	96d418ff-0c1f-47a9-a61c-c6e5a39ee1ef	thursday	09:00	18:00	f	2026-03-17 05:54:31.415	2026-03-17 05:54:31.415
f1168796-0d59-4485-9167-5a4a0066bd22	96d418ff-0c1f-47a9-a61c-c6e5a39ee1ef	friday	09:00	18:00	t	2026-03-17 05:54:31.415	2026-03-17 05:54:31.415
470f84bd-a547-4c62-837e-b1d65b2e3d13	96d418ff-0c1f-47a9-a61c-c6e5a39ee1ef	saturday	09:00	18:00	f	2026-03-17 05:54:31.415	2026-03-17 05:54:31.415
82e3e18a-7a89-4975-94a1-96e93ced4268	96d418ff-0c1f-47a9-a61c-c6e5a39ee1ef	sunday	09:00	18:00	f	2026-03-17 05:54:31.415	2026-03-17 05:54:31.415
\.


ALTER TABLE public."StaffWeeklyShift" ENABLE TRIGGER ALL;

--
-- Data for Name: StylistService; Type: TABLE DATA; Schema: public; Owner: -
--

ALTER TABLE public."StylistService" DISABLE TRIGGER ALL;

COPY public."StylistService" ("stylistId", "serviceId") FROM stdin;
95894f0a-ff60-4f06-93b5-a6d0cc9b6683	6790e70e-98e4-4fa0-a7af-53c3b39393a0
95894f0a-ff60-4f06-93b5-a6d0cc9b6683	144e13af-2695-4936-8a57-c3110dd65368
f4ac3eee-1ac9-48ce-b177-3e509ca401d1	889ae17d-0ecb-413e-9fc5-4fb2f011d124
c42a285c-382f-4e74-b2cb-c2da5f756005	6790e70e-98e4-4fa0-a7af-53c3b39393a0
12086c86-7fe7-4e0f-a9df-7174c986c0fb	889ae17d-0ecb-413e-9fc5-4fb2f011d124
12086c86-7fe7-4e0f-a9df-7174c986c0fb	6790e70e-98e4-4fa0-a7af-53c3b39393a0
595cd8e9-cb45-4ff4-bbe2-1205c5640bb1	889ae17d-0ecb-413e-9fc5-4fb2f011d124
96d418ff-0c1f-47a9-a61c-c6e5a39ee1ef	889ae17d-0ecb-413e-9fc5-4fb2f011d124
\.


ALTER TABLE public."StylistService" ENABLE TRIGGER ALL;

--
-- Data for Name: UserHairProfile; Type: TABLE DATA; Schema: public; Owner: -
--

ALTER TABLE public."UserHairProfile" DISABLE TRIGGER ALL;

COPY public."UserHairProfile" (id, "userId", "faceShape", "hairType", "hairLength", "styleGoal", "previousServices", "detectionMethod", "createdAt", "updatedAt", "faceLandmarks", "faceModel3DUrl", "faceScanFrontUrl", "faceScanLeftUrl", "faceScanRightUrl") FROM stdin;
ff3f94d5-6f4a-4172-9906-838b2b2ea3c1	c82247a0-6941-4bb5-8b8f-3162b5664c6b	oval	straight	short	low_maintenance	{}	scan	2026-03-26 09:19:13.844	2026-04-04 06:28:30.612	[0.5018296639124552, 0.5964993039766947, -0.03742610476911068, 0.4981356461842855, 0.5523389379183452, -0.06108824412027995, 0.4997416536013285, 0.5663174788157146, -0.03547746191422145, 0.4893958667914072, 0.5142219265302023, -0.04144894021252791, 0.4979752401510874, 0.5402837991714478, -0.06374308466911316, 0.4986444214979808, 0.5250464280446371, -0.05755433067679405, 0.5004203021526337, 0.4894519249598185, -0.02248682423184315, 0.4233012596766154, 0.48599241177241, 0.02532380757232507, 0.5009885827700297, 0.458991249402364, -0.01033042852456371, 0.501438577969869, 0.4433134297529857, -0.01004150463268161, 0.4999267558256785, 0.3914798299471537, 0.01075128652155399, 0.5016007125377655, 0.6016505757967631, -0.03626890232165655, 0.5013992985089619, 0.6065623164176941, -0.03303202738364538, 0.5012719730536144, 0.6096818248430889, -0.02871551178395748, 0.5013429323832194, 0.6107758084932963, -0.02805576100945472, 0.5009276370207469, 0.6164334813753763, -0.03080332092940807, 0.5008952220280966, 0.6233594218889872, -0.03399007705350717, 0.500834455092748, 0.6303838491439819, -0.03376822670300802, 0.5011800130208334, 0.6404534578323364, -0.02598819509148598, 0.4985870122909546, 0.5591481725374857, -0.0560942068696022, 0.4878425101439158, 0.5593463778495789, -0.04114976276954015, 0.3833307226498922, 0.4417976836363475, 0.0862644718339046, 0.4526250759760538, 0.4966512024402618, 0.01163632205377022, 0.4420012831687927, 0.4972124199072521, 0.01284378425528606, 0.431907077630361, 0.4963429073492687, 0.01653562361995379, 0.4197323719660441, 0.4895435869693756, 0.02653574260572593, 0.4612542788187662, 0.4943344195683798, 0.01275323424488306, 0.4386521577835082, 0.4636872212092081, 0.01090877347936233, 0.4506445725758871, 0.4656542142232259, 0.01079890457913279, 0.4275105595588685, 0.4649209777514139, 0.01464352632562319, 0.4199902514616649, 0.4690911471843719, 0.01936298732956251, 0.4109195868174236, 0.4960974256197611, 0.03150575359662373, 0.458325982093811, 0.6564053297042847, -0.01200548683603605, 0.4200087090333303, 0.4828676382700602, 0.02938594979544481, 0.3771921992301941, 0.4911576211452484, 0.08291499813397725, 0.4005726277828217, 0.4865497847398123, 0.04443728178739548, 0.4429568946361542, 0.5423491795857747, -0.006154512055218218, 0.4871418575445811, 0.5938358108202617, -0.03542656513551871, 0.4882570405801138, 0.6057381431261698, -0.03074848279356956, 0.4720619122187296, 0.5975291927655538, -0.02807213016785681, 0.4615232249101003, 0.6017140547434489, -0.01845726246635119, 0.4765898784001669, 0.6060469349225363, -0.02518058009445668, 0.4668920139471689, 0.6067267656326294, -0.01650753120581309, 0.4462524255116781, 0.6165131131807963, -0.002767690535013873, 0.4883671899636587, 0.5517921249071758, -0.0597270093858242, 0.4870999852816263, 0.5401901404062908, -0.06198934341470401, 0.4056853453318278, 0.4566686749458313, 0.02540441850821177, 0.4662002424399058, 0.5141869386037191, -0.004302980688711008, 0.462046464284261, 0.5485947330792744, -0.03151600749697536, 0.4613188505172729, 0.5427456696828206, -0.02743770632271966, 0.4091433882713317, 0.5407180786132812, 0.01023119067152341, 0.4880707065264384, 0.5260629256566365, -0.05374958738684654, 0.4301271438598633, 0.4452910323937733, 0.006733306761210164, 0.4153979321320851, 0.4486496845881144, 0.01601189933717251, 0.3947600920995076, 0.4205194314320883, 0.06694095830122629, 0.4757382472356161, 0.4583876132965088, -0.005688265897333621, 0.4607733984788259, 0.4708136419455211, 0.01340488623827696, 0.4377256731192271, 0.6048206885655721, 0.001388165168464184, 0.3849210540453593, 0.6053348382314047, 0.0943068222453197, 0.4703300893306732, 0.5564389824867249, -0.02839015082766612, 0.4801281094551086, 0.5602935552597046, -0.0306667381276687, 0.4493308365345001, 0.6087348063786825, 0.0008088070899248158, 0.4525322516759236, 0.6086729367574056, -0.002344160728777449, 0.4105236033598582, 0.440709243218104, 0.02252196644743284, 0.4616827964782715, 0.5543135007222493, -0.02602954612423976, 0.4497146209081014, 0.4474322199821472, -0.0005766587952772788, 0.4482714633146922, 0.4374657769997914, -0.001705649308860302, 0.4396319091320038, 0.3944832781950632, 0.02659283888836702, 0.4020125567913056, 0.4295500616232554, 0.04145137220621109, 0.4462252855300903, 0.4140411913394928, 0.01146903506014496, 0.3999167780081431, 0.4508947233359019, 0.035961269090573, 0.3899494608243306, 0.447215994199117, 0.05962674816449483, 0.4874073068300883, 0.6004989544550577, -0.03423500154167414, 0.4743153552214304, 0.6021014451980591, -0.027020393172279, 0.4642342825730642, 0.6043376922607422, -0.01840477747221788, 0.4734763602415721, 0.5584754149119059, -0.0264136721380055, 0.4510017335414886, 0.6087775429089864, -0.0008156738864878825, 0.4566051761309305, 0.6110806862513225, -0.008940193026016157, 0.454011489947637, 0.6086903810501099, -0.002811778569594024, 0.4763186872005463, 0.5520723859469095, -0.04304118826985359, 0.4689291218916575, 0.608231763044993, -0.01521823462098837, 0.4783585866292317, 0.6081858674685161, -0.02143618014330665, 0.489211897055308, 0.6088375051816305, -0.02660571939001481, 0.4842937091986338, 0.6389630238215128, -0.02441228833049535, 0.4850757817427317, 0.6283967097600301, -0.03193030164887507, 0.485837201277415, 0.6213803092638652, -0.03194052322457234, 0.487285296122233, 0.6147647301355998, -0.02841870052119096, 0.4890989462534586, 0.6097810467084249, -0.02588019923617443, 0.4687295655409495, 0.6086767514546711, -0.01464008291562399, 0.466150184472402, 0.6109538674354553, -0.01700190516809623, 0.4633408387502035, 0.6139892141024271, -0.01906543100873629, 0.4609867036342621, 0.6177985469500223, -0.01729372267921766, 0.451295127471288, 0.583605984846751, -0.01384042979528507, 0.374793529510498, 0.54620756705602, 0.1194048412144184, 0.4984619816144307, 0.5624115665753683, -0.04245641579230626, 0.4615273078282675, 0.6084815661112468, -0.007587362080812452, 0.4591900308926901, 0.6097736358642578, -0.00901633268222213, 0.4846696754296621, 0.5652580459912617, -0.03211263567209244, 0.4651336173216502, 0.561474879582723, -0.01930953919266661, 0.4832799732685089, 0.5627951423327128, -0.03163298281530539, 0.4547566572825114, 0.5206176837285359, -0.0009967781758556758, 0.4367388486862183, 0.5271540880203247, 0.002098832570482042, 0.4592838982741038, 0.5481586058934529, -0.02176571264863015, 0.4128808677196503, 0.4042804837226868, 0.04576541297137737, 0.4199384450912476, 0.4179887473583221, 0.0257378692428271, 0.4268996020158132, 0.4356028040250143, 0.0102168161344404, 0.456111341714859, 0.6252962549527487, -0.01046629187961419, 0.4731113115946452, 0.4423572619756063, -0.007883376131455105, 0.4715652863184611, 0.4150613447030386, 0.002601663116365671, 0.4680982828140259, 0.3909893532594045, 0.01451719146280084, 0.4237204392751058, 0.4938228825728099, 0.02174440833429496, 0.4006786942481995, 0.5030833880106608, 0.0371308426062266, 0.4665229519208273, 0.4917522867520651, 0.01439851274092992, 0.4102154473463694, 0.4728173712889353, 0.02938825699190299, 0.4748528699080149, 0.5067212283611298, -0.007801920485993226, 0.4694794317086538, 0.5441282788912456, -0.04200332580755154, 0.3842589855194092, 0.5122725168863932, 0.048834178596735, 0.4057076374689738, 0.5121584335962932, 0.02563476314147313, 0.4173486034075419, 0.517473558584849, 0.01408118257919947, 0.4375541607538859, 0.5164967179298401, 0.00857784040272236, 0.4530466794967651, 0.5124091704686483, 0.006064980446050564, 0.464171955982844, 0.5074340899785359, 0.003385902702575549, 0.4900836249192556, 0.491782526175181, -0.01789564794550339, 0.383043775955836, 0.5376472473144531, 0.04250568399826685, 0.4023281335830688, 0.470294326543808, 0.03547573089599609, 0.4919888377189636, 0.5583990017573038, -0.05514851460854212, 0.4665739436944326, 0.5253979762395223, -0.0109489168971777, 0.375193327665329, 0.4926201403141022, 0.1193300628413757, 0.4728725552558899, 0.501499354839325, 0.002297164173796772, 0.4581037362416585, 0.5493652621905009, -0.01086284623791774, 0.4158572355906169, 0.4825008014837902, 0.03168867900967598, 0.4689962069193522, 0.5362157225608826, -0.03704708224783342, 0.3775419493516286, 0.5750585993131002, 0.1099402817587058, 0.4667920172214508, 0.4881829917430878, 0.01793671709795793, 0.4782848656177521, 0.5298185149828593, -0.04736037738621236, 0.409135768810908, 0.6316373944282532, 0.0342409722507, 0.4103053410847982, 0.6469233433405559, 0.04959105948607127, 0.3740030527114868, 0.5415453314781189, 0.08203630521893501, 0.3942790627479553, 0.6157557566960653, 0.04995281249284744, 0.3834755122661591, 0.4680841565132141, 0.07478077709674835, 0.455865869919459, 0.6690395871798198, -0.007566459632168213, 0.4942658046881357, 0.5618401964505514, -0.04152332494656245, 0.4564894139766694, 0.5334362983703613, -0.007731904275715353, 0.3929783900578817, 0.4874943792819977, 0.05557151387135188, 0.4328744808832805, 0.4898001054922739, 0.01793147126833598, 0.4417077700297037, 0.4907923837502798, 0.01485614664852619, 0.4540858666102092, 0.6130482355753581, -0.006991404884805283, 0.384785940249761, 0.56146639585495, 0.04236514369646708, 0.4767111539840698, 0.6860146125157675, -0.01016252972961714, 0.4432502190272014, 0.671668569246928, 0.01617653916279475, 0.4277914067109425, 0.6613466739654541, 0.03132402275999387, 0.5006332000096638, 0.4169871906439463, -0.001059020403772593, 0.5006535847981771, 0.6884922981262207, -0.01465860195457935, 0.4504756530125935, 0.4902663429578145, 0.01412150481094917, 0.4584814210732778, 0.4889688193798065, 0.01546243764460087, 0.4639834960301717, 0.4885777632395427, 0.01789391568551461, 0.3959323664506277, 0.4670866330464681, 0.04743434364597002, 0.4580748577912649, 0.4805538753668467, 0.01491273691256841, 0.4490502278010051, 0.4772293468316396, 0.01352116838097572, 0.4402062694231669, 0.4760976135730743, 0.01424934156239033, 0.4310102065404257, 0.4769391914208729, 0.01708354552586873, 0.4253853956858317, 0.479364921649297, 0.02074861899018288, 0.3777937094370524, 0.4644912083943685, 0.1055014906451106, 0.4270157913366954, 0.4879123469193776, 0.02181051236887773, 0.5006341735521952, 0.5742831031481425, -0.03373457429309686, 0.4614963233470917, 0.5771785378456116, -0.02072613593190908, 0.4703507920106252, 0.554062565167745, -0.03202230793734392, 0.4841995537281036, 0.5742917458216349, -0.03221074274430673, 0.501216471195221, 0.4748364289601644, -0.01219304983290689, 0.4255550106366476, 0.646743933359782, 0.02106550460060438, 0.4400438964366913, 0.6581016381581625, 0.007240993281205498, 0.4757308562596639, 0.677075187365214, -0.0206085715132455, 0.3962642351786295, 0.6303463180859884, 0.07238242651025453, 0.4637703895568848, 0.4850458304087321, 0.01685188120851914, 0.4818301896254222, 0.5098770956198374, -0.02378719703604778, 0.5009961823622386, 0.6795017917950948, -0.02459320860604445, 0.4582642714182535, 0.6802331805229187, 0.0007349085062742216, 0.3762527803579966, 0.5684966047604879, 0.07622937113046646, 0.4781923492749532, 0.6091036597887675, -0.02077016482750575, 0.475397954384486, 0.6128099958101908, -0.02335527135680119, 0.4731454153855642, 0.6176452239354451, -0.02601813610332708, 0.4717460672060648, 0.6236682732899983, -0.02496830296392242, 0.4688995281855266, 0.6335020065307617, -0.01848534991343816, 0.4589897195498149, 0.6075950264930725, -0.008666365407407282, 0.4562827050685883, 0.6065846880276997, -0.00827293780942758, 0.4538958172003428, 0.6051642696062723, -0.008096751291304828, 0.4423652986685435, 0.5929857293764751, -0.005352481190736096, 0.3994393746058146, 0.56651904185613, 0.01904817670583725, 0.4826209942499796, 0.4983970522880554, -0.01190695120021701, 0.4760274489720663, 0.4787249565124512, 0.0104725668206811, 0.4690636297067007, 0.4803249140580496, 0.01517003898819288, 0.4615353246529896, 0.6083712975184123, -0.007945534152289232, 0.3982132275899251, 0.5965996384620667, 0.03179880852500597, 0.4848964114983877, 0.4783236881097158, -0.004317529654751222, 0.4628984133402507, 0.6449833710988362, -0.01476777748515209, 0.4988206923007965, 0.5132448275883993, -0.04559285069505373, 0.4900857508182526, 0.504052996635437, -0.03057420253753662, 0.4993525346120199, 0.5019453962643942, -0.0335178052385648, 0.4731589357058207, 0.527507464090983, -0.02593976841308177, 0.5010751485824585, 0.6672987739245098, -0.02901093351344268, 0.5007643004258474, 0.6529487371444702, -0.02741090891261896, 0.480709989865621, 0.6514884233474731, -0.02410468536739548, 0.4373164673646291, 0.621511439482371, 0.002504368933538597, 0.4487926264603933, 0.5583993991216024, -0.00840723110983769, 0.4488736788431803, 0.6349692344665527, -0.005830798763781786, 0.4244389732678732, 0.5556866725285848, -0.002767571868995827, 0.4393159250418345, 0.569629450639089, -0.006617070796589056, 0.4149280190467834, 0.5748648246129353, 0.004886111555000145, 0.4775944352149963, 0.6649391651153564, -0.02451018566110482, 0.4656967024008433, 0.5340240200360616, -0.01873005398859581, 0.4284654855728149, 0.6316465338071187, 0.01104687775174776, 0.4436503251393636, 0.6453242301940918, 0.0004494856111705303, 0.4284114142258962, 0.6065295338630676, 0.005772709846496582, 0.3873931070168813, 0.5823907057444254, 0.04344146822889646, 0.4132544497648875, 0.6092104315757751, 0.01609638084967931, 0.3821552097797394, 0.5932937463124593, 0.0679428664346536, 0.4315151969591777, 0.5846853256225586, -0.00164879047467063, 0.4741550286610921, 0.5173834164937338, -0.01681964083885153, 0.4727025429407755, 0.550110916296641, -0.04487852814296882, 0.4654461542765299, 0.5528515974680582, -0.03332729979107778, 0.4775923689206441, 0.5410201748212179, -0.05225700885057449, 0.4678831100463867, 0.4672111570835114, 0.008879568505411347, 0.4508672654628754, 0.4587403436501821, 0.008157772283690672, 0.4355210264523824, 0.4564858178297679, 0.009470700751990078, 0.4224946399529775, 0.458061695098877, 0.01428250937412182, 0.4137712319691976, 0.4635092516740164, 0.02105695381760598, 0.4094489018122355, 0.4843510985374451, 0.03607696667313576, 0.3742046157519022, 0.5162565310796102, 0.08326213558514914, 0.4155006408691406, 0.5016093452771505, 0.02484319979945819, 0.4255477090676625, 0.5054377317428589, 0.01752450379232566, 0.4395007987817128, 0.5060063004493713, 0.01247161440551281, 0.453012337287267, 0.5038855572541555, 0.009880751681824524, 0.4633114039897919, 0.5004220406214397, 0.009751297843952974, 0.4704248011112213, 0.4971419672171274, 0.008981599472463131, 0.3749209543069204, 0.5187819004058838, 0.1232418410169582, 0.465868870417277, 0.55643496910731, -0.02826789231039584, 0.4806247254212697, 0.5200933218002319, -0.03412544851501782, 0.4805773595968882, 0.5501368840535482, -0.05391640588641167, 0.4868033428986868, 0.5570776263872782, -0.05058928206562996, 0.4806015988190969, 0.5525030096371969, -0.04875149081150691, 0.4689990282058716, 0.5601418614387512, -0.02519211522303522, 0.4890001515547435, 0.5578588247299194, -0.05361570045351981, 0.4908849795659382, 0.561148206392924, -0.04129447788000107, 0.4708216090997061, 0.4885267913341522, 0.01578936244671544, 0.4768386582533518, 0.4909790356953939, 0.00844564102590084, 0.4794265031814575, 0.4928943316141764, -0.00006502416605750662, 0.4222942690054576, 0.4811698496341705, 0.02463943014542262, 0.4155998229980469, 0.4746627310911814, 0.02548085277279218, 0.508676658074061, 0.5155655940373738, -0.04242874681949615, 0.5790018240610758, 0.4905889630317688, 0.01846874753634135, 0.5106521447499592, 0.5604604283968607, -0.04167526960372925, 0.6242426435152689, 0.4473843077818552, 0.07722168415784836, 0.5475246906280518, 0.4990917245546977, 0.007428412636121113, 0.5584297478199005, 0.5003902316093445, 0.007795979424069326, 0.5693817734718323, 0.500220000743866, 0.0105402156089743, 0.5840489466985067, 0.494707057873408, 0.01947668194770813, 0.5386330187320709, 0.4958245952924092, 0.009449005126953125, 0.5651984910170237, 0.4654652078946432, 0.005410638948281605, 0.5522357324759166, 0.4660490949948629, 0.006466087341929475, 0.5771202643712362, 0.4682031273841858, 0.008445825582991045, 0.5847717722256979, 0.4737036625544231, 0.01254507650931676, 0.5940273404121399, 0.5020366708437601, 0.02393435562650362, 0.5443159143129984, 0.6599886814753214, -0.0149777679083248, 0.5834623773892721, 0.487976998090744, 0.02216875739395618, 0.6311198870340983, 0.4994930724302927, 0.07308987031380336, 0.6072383920351664, 0.4938920040925344, 0.03585986793041229, 0.5597969889640808, 0.5463506976763408, -0.01041971985250712, 0.5170010328292847, 0.5949994325637817, -0.03640418685972691, 0.5148522059122721, 0.6067138314247131, -0.03168110114832719, 0.5324003597100576, 0.5999867916107178, -0.03014924004673958, 0.542736142873764, 0.6045733292897543, -0.02148420022179683, 0.52737291653951, 0.607601006825765, -0.02705043057600657, 0.5375310778617859, 0.6088002721468607, -0.01910527029152339, 0.5585908889770508, 0.6201478242874146, -0.00698832170261691, 0.5079318881034851, 0.552487313747406, -0.06023024519284566, 0.5090042849381764, 0.5407612919807434, -0.06268483400344849, 0.6002342700958252, 0.4632039467493693, 0.01725236574808757, 0.5353349248568217, 0.5164917310078938, -0.006938862303892771, 0.5378754238287607, 0.5516694982846578, -0.0338167383063895, 0.5394584337870281, 0.5452961524327595, -0.02998443599790335, 0.5957023501396179, 0.546741267045339, 0.003218084884186585, 0.5088315109411876, 0.5272353490193685, -0.05475825443863869, 0.5726467669010162, 0.4482495288054148, 0.0005276449955999851, 0.5888522267341614, 0.4535342355569204, 0.008589963428676128, 0.6122511823972067, 0.4260851840178171, 0.05897483602166174, 0.5240083932876587, 0.4568042059739431, -0.007971694692969322, 0.54136194785436, 0.4704756140708923, 0.00994610507041216, 0.5677327911059062, 0.6096589962641398, -0.00385260962260266, 0.6227076649665833, 0.6118184328079224, 0.086238914479812, 0.5291737914085388, 0.5583280920982361, -0.03014177906637391, 0.51905690630277, 0.5618711113929749, -0.03158806699017684, 0.5560420552889506, 0.6110413273175558, -0.003690078000848493, 0.5527337988217672, 0.6107792655626934, -0.006353326180639367, 0.5955194632212321, 0.4461450278759003, 0.01479902242620786, 0.539537101984024, 0.5571546355883281, -0.02836956122579674, 0.5517535408337911, 0.4484035968780518, -0.005017882833878197, 0.5535243054231008, 0.4386069079240162, -0.005922210713227592, 0.5631041328112284, 0.3983461658159892, 0.02163221252461275, 0.6038450400034586, 0.4369907180468241, 0.03336980193853378, 0.5577163795630137, 0.418740044037501, 0.006819920381531119, 0.6082564194997151, 0.458279530207316, 0.02739577243725459, 0.6174344817797343, 0.454768826564153, 0.05038873106241226, 0.5162803928057352, 0.6016057928403219, -0.03518786032994588, 0.5297754009564717, 0.6042126019795736, -0.02906760635475317, 0.5402691463629405, 0.6068024039268494, -0.02119560271967202, 0.5254871447881063, 0.5610514481862385, -0.02784976409748197, 0.554326742887497, 0.6109224756558735, -0.00508213728123034, 0.5480833252271017, 0.613221784432729, -0.01224079169332981, 0.550896535317103, 0.6106122930844625, -0.006697689609912533, 0.5220985213915507, 0.5544029672940571, -0.04466169575850169, 0.5354051490624746, 0.6099008321762085, -0.01762300894673293, 0.5252942939599355, 0.6096352140108744, -0.02304333013792833, 0.5140989224116007, 0.6096438765525818, -0.0274534405519565, 0.5173850158850353, 0.6404229601224264, -0.02546709838012854, 0.5170277754465739, 0.6295888423919678, -0.03286567454536756, 0.516262431939443, 0.622501790523529, -0.03279584211607774, 0.5154113074143728, 0.6158904631932577, -0.02938591067989667, 0.5142122606436411, 0.6106128891309103, -0.02677055075764656, 0.5357327957948049, 0.6102694869041443, -0.01697670517023653, 0.5384349723656973, 0.6128056446711222, -0.0193780716896678, 0.5409096380074819, 0.6160807410875956, -0.02161193794260422, 0.5432523091634115, 0.619962215423584, -0.02003594332685073, 0.5531673034032186, 0.5878686904907227, -0.01745132294793924, 0.6339168945948283, 0.5528346697489421, 0.1103109655280908, 0.5432668328285217, 0.6102695465087891, -0.01076135163505872, 0.5457171102364858, 0.611639658610026, -0.01222382672131062, 0.5156791309515636, 0.5660669207572937, -0.03299095543722312, 0.5349185069402059, 0.5641478896141052, -0.0211699294935291, 0.516891340414683, 0.5645801226298014, -0.03243899221221606, 0.5477909445762634, 0.5235995848973591, -0.004592735630770525, 0.5672037800153096, 0.5319763819376627, -0.003039093067248661, 0.5421899457772573, 0.5504816969235737, -0.02427847931782405, 0.5920045375823975, 0.4093813598155975, 0.03903778518239658, 0.5842660268147787, 0.4243056078751882, 0.01904349277416865, 0.5769161979357401, 0.4389163653055826, 0.003822227319081627, 0.5476568241914114, 0.6279887755711874, -0.01385331309090058, 0.5272850394248962, 0.4409992595513662, -0.01024632590512435, 0.5303457478682201, 0.4176708161830902, 0.0002569910138845461, 0.533966451883316, 0.3931120932102204, 0.01210976609339317, 0.5788375735282898, 0.4986709256966909, 0.01512049262722333, 0.6059271891911824, 0.5105528632799785, 0.028890044738849, 0.5328204532464345, 0.4925459822018942, 0.01143493844817082, 0.5956437587738037, 0.4792385101318359, 0.0216776356101036, 0.5270461440086365, 0.508925845225652, -0.009910862582425278, 0.5303074916203816, 0.5465795596440632, -0.04401431387911241, 0.622567077477773, 0.5203738013903301, 0.0393881673614184, 0.5981592337290446, 0.5183772047360738, 0.01797506709893544, 0.5838068326314291, 0.5220453341801962, 0.007722724229097366, 0.5618756810824076, 0.5193435748418171, 0.003493513756742079, 0.5461007157961527, 0.5140397548675537, 0.002203078552459678, 0.5346711377302806, 0.5081169605255127, 0.0005044045392423868, 0.5101814667383829, 0.4926485419273376, -0.01885126034418742, 0.6228026549021404, 0.5444590846697489, 0.03326822817325592, 0.605094850063324, 0.4776313404242197, 0.02693821986516316, 0.5044523874918619, 0.559075931708018, -0.0556635856628418, 0.5350803732872009, 0.5280597805976868, -0.01345004886388779, 0.6344710389773051, 0.4986146589120229, 0.1096367798745632, 0.5260832409063975, 0.5017340779304504, 0.00007201614789664745, 0.5430330435434977, 0.5516780416170757, -0.01336965585748355, 0.588995893796285, 0.4879541099071503, 0.02415825178225835, 0.5306603312492371, 0.5393200119336445, -0.03903475217521191, 0.6311634182929993, 0.5815929969151815, 0.1013281630973021, 0.5332415997982025, 0.4887230694293976, 0.01490867634614309, 0.5193302432696024, 0.531531830628713, -0.04874389121929805, 0.5969612995783488, 0.6373911698659261, 0.02754750599463781, 0.5955844521522522, 0.6517994006474813, 0.04391895979642868, 0.6327098409334818, 0.550220807393392, 0.07208638886610667, 0.6121346155802408, 0.6223148902257284, 0.04209965839982033, 0.6240699291229248, 0.4754543801148733, 0.06516863157351811, 0.5466372768084208, 0.6722886562347412, -0.01076539924057822, 0.5037957727909088, 0.5623672405878702, -0.0417982762058576, 0.545792410771052, 0.5367610653241475, -0.01083691076685985, 0.6170931657155354, 0.4959816336631775, 0.04654689505696297, 0.5677135288715363, 0.4937717119852703, 0.01214053450773159, 0.558234026034673, 0.4943868021170298, 0.009696428353587788, 0.5506713489691416, 0.6152637799580891, -0.01069917545343439, 0.6221816738446554, 0.5687909722328186, 0.03378267089525859, 0.5247880220413208, 0.6868385076522827, -0.01179742937286695, 0.5599076350529988, 0.6747406125068665, 0.01250666690369447, 0.5762436787287395, 0.6657472650210062, 0.02645372599363327, 0.5493987301985424, 0.4932827949523926, 0.009822392525772255, 0.5412435034910837, 0.491126537322998, 0.01178596323976914, 0.5359688897927603, 0.489870419104894, 0.01442333093533913, 0.6140350699424744, 0.4753101170063019, 0.03835967058936755, 0.5430875718593597, 0.4805944263935089, 0.01103077922016382, 0.5528535445531209, 0.4776146908601124, 0.008958891034126283, 0.5625554621219635, 0.4775966107845306, 0.009268889824549358, 0.5718506673971813, 0.4799353182315826, 0.01113400235772133, 0.5774425665537516, 0.4831144213676453, 0.01424376387149095, 0.6309789021809896, 0.4705633322397868, 0.09623887265721957, 0.5742264191309611, 0.4924672444661459, 0.01542249073584875, 0.5406193435192108, 0.5806270043055217, -0.02344708338690301, 0.528125117222468, 0.5568404197692871, -0.03367658145725727, 0.5173225303490956, 0.575678288936615, -0.03328936795393626, 0.5795813997586569, 0.6522443691889445, 0.01577618469794591, 0.5635578831036885, 0.6620108087857565, 0.003123090292016666, 0.5252676407496134, 0.6789218982060751, -0.0223563297962149, 0.6102588375409443, 0.6355495651563008, 0.0654903290172418, 0.5365665952364603, 0.4854622383912405, 0.01345370182146629, 0.518771727879842, 0.5115832090377808, -0.02521444663034345, 0.543529192606608, 0.681950847307841, -0.002217725229760012, 0.6311203042666118, 0.5768835345904033, 0.06682314599553744, 0.5256292621294658, 0.61032634973526, -0.0223844905073444, 0.5280293027559916, 0.6143844922383627, -0.02494803536683321, 0.530260552962621, 0.6194554964701334, -0.02763292224456867, 0.5316048363844553, 0.6257415612538656, -0.02694676164537668, 0.5338042676448822, 0.635612924893697, -0.02086009830236435, 0.5457320412000021, 0.6097580393155416, -0.0120906022687753, 0.5485404034455618, 0.6090169548988342, -0.01208574169625839, 0.5506917933622996, 0.6080113848050436, -0.01204959085832039, 0.5629386603832245, 0.5977572004000347, -0.01013386016711593, 0.6059033075968425, 0.5737481911977133, 0.0112790185958147, 0.5184968213240305, 0.5001521209875742, -0.01354018474618594, 0.5250515838464102, 0.4779392679532369, 0.008420223680635292, 0.5319290459156036, 0.4800478716691335, 0.01226968225091696, 0.5431691805521648, 0.6101275483767191, -0.01124344936882456, 0.6076267759005228, 0.6035671432813008, 0.02418360610802969, 0.5147974888483683, 0.476906438668569, -0.005631731202205022, 0.5394588907559713, 0.6473873058954874, -0.01750592305324972, 0.5093432366847992, 0.5052809218565623, -0.0314482447380821, 0.5274369219938914, 0.5295585592587789, -0.02772196909063496, 0.52057413260142, 0.6528467535972595, -0.0253552117695411, 0.5671148498853048, 0.6263647476832073, -0.00237338338047266, 0.5528537829717001, 0.5618070960044861, -0.01173477247357368, 0.5547318657239277, 0.6384125749270121, -0.009518573293462396, 0.5800281763076782, 0.5609668095906576, -0.008526578235129515, 0.563763419787089, 0.573891560236613, -0.0109803785259525, 0.5897421439488728, 0.5810684561729431, -0.001790257791678112, 0.524029403924942, 0.6671403646469116, -0.02636424079537392, 0.5357335209846497, 0.5369227131207784, -0.020999809106191, 0.5760572950045267, 0.6364727417627971, 0.005698244397838909, 0.5605052510897318, 0.6492748657862345, -0.003486106016983589, 0.5769851009051006, 0.6119165023167927, -0.00009989831596612583, 0.6183195908864338, 0.5898898442586262, 0.03513296693563461, 0.5918559630711874, 0.6151647965113322, 0.009497371812661488, 0.6247065464655559, 0.6008268793423971, 0.0587379758556684, 0.573431392510732, 0.5892598430315653, -0.007110304820040861, 0.5267899831136068, 0.5193614761034648, -0.01873748376965523, 0.52545694510142, 0.5522908767064413, -0.04670251905918121, 0.5336234867572784, 0.5556638439496359, -0.03540957206860185, 0.5192839304606119, 0.5436320304870605, -0.05366210825741291, 0.5335508286952972, 0.4665935635566711, 0.006017152336426079, 0.5517449577649434, 0.4597600301106771, 0.003873637819197027, 0.5678489406903585, 0.4591016173362732, 0.003847655626789976, 0.5816169182459514, 0.4623863200346628, 0.007589917164295915, 0.5912971695264181, 0.4690960347652435, 0.0136424982920289, 0.5965107878049214, 0.4907735089461008, 0.02841758728027343, 0.6328259706497192, 0.5248754819234213, 0.07320332899689674, 0.5875905553499857, 0.5069008767604828, 0.01791104425986608, 0.5759355227152506, 0.5095456639925638, 0.01128145648787419, 0.5607934395472209, 0.508974572022756, 0.007264705374836922, 0.5466548005739849, 0.5059442023436228, 0.005827095670004686, 0.5363055070241293, 0.5016160806020101, 0.006757614202797415, 0.5289339522520702, 0.4973269104957581, 0.006569810211658479, 0.6339859167734783, 0.5256709853808086, 0.1135914673407872, 0.5342752536137899, 0.559148371219635, -0.03023883397690952, 0.5176053245862324, 0.5214163859685261, -0.03547414795806011, 0.5165067513783772, 0.5518426696459453, -0.05511294305324554, 0.5110545754432678, 0.5582889119784037, -0.05120782926678658, 0.5167577564716339, 0.5547681053479513, -0.04997602788110574, 0.5311504205067952, 0.56182328859965, -0.02676863114659985, 0.5082011918226877, 0.5588457385698954, -0.05422543982664745, 0.5067444841066996, 0.5618317325909933, -0.04171812782684962, 0.5291532278060913, 0.4885606865088145, 0.01323054699848095, 0.5233416457970937, 0.49051433801651, 0.006369780516251921, 0.5195337136586508, 0.4922328094641367, -0.001731524399171273, 0.5808682441711426, 0.4857227007548014, 0.01764809899032116, 0.5892718036969502, 0.4799228608608246, 0.0183311893294255, 0.440830538670222, 0.4826089640458425, 0.01854557357728481, 0.4516253272692362, 0.4829841951529185, 0.01854557357728481, 0.4411593079566956, 0.47279092669487, 0.01854557357728481, 0.4299653172492981, 0.4819845656553905, 0.01854557357728481, 0.4406147003173828, 0.492416242758433, 0.01854557357728481, 0.5561102529366811, 0.4854385852813721, 0.01341096684336662, 0.567085882027944, 0.4856075644493103, 0.01341096684336662, 0.5559892853101095, 0.475863645474116, 0.01341096684336662, 0.5452020565668741, 0.4851974646250407, 0.01341096684336662, 0.5563429693380991, 0.4951233069101969, 0.01341096684336662]	uploads/1775135739155-front.jpg	uploads/1775135739155-front.jpg	uploads/1775135742145-left.jpg	uploads/1775135744906-right.jpg
9fe5cbc7-6ab7-4880-b7ed-724d5697d678	8e48adb5-2fb9-4304-90c7-1de5f9a5201e	oval	wavy	medium	low_maintenance	{}	scan	2026-04-04 06:45:58.253	2026-04-04 06:45:58.253	[0.5085053443908691, 0.5841155250867208, -0.04536514605085055, 0.5085939367612203, 0.5360726614793141, -0.06886528059840202, 0.5056857367356618, 0.5531297028064728, -0.04006121059258779, 0.4936975638071696, 0.4999656875928243, -0.04693499952554703, 0.5076185464859009, 0.524014820655187, -0.0715926686922709, 0.5067180891831715, 0.5097618897755941, -0.06431896239519119, 0.5014823575814564, 0.4753804206848145, -0.02336565653483073, 0.4074856837590536, 0.4718789458274841, 0.02080659754574299, 0.5002336800098419, 0.44610995054245, -0.009628175990656018, 0.5002450545628866, 0.4304517606894175, -0.00904556643217802, 0.4959178467591603, 0.3763156334559122, 0.0154452808201313, 0.5082408487796783, 0.5898985465367634, -0.04423156629006068, 0.5078527629375458, 0.5955448150634766, -0.04036737481753032, 0.5074978172779083, 0.5991758108139038, -0.03521631161371867, 0.5069843232631683, 0.602247973283132, -0.03507183181742827, 0.5068425933519999, 0.6087685227394104, -0.03784412890672684, 0.5066322187582651, 0.6165437300999959, -0.04121308028697968, 0.5061797400315602, 0.6245926817258199, -0.04023338730136553, 0.5065653721491495, 0.6324794689814249, -0.03000661544501781, 0.5080037613709768, 0.5443727970123291, -0.06331168736020724, 0.4950998922189077, 0.5461988747119904, -0.04718982428312301, 0.3495550453662872, 0.4323411186536154, 0.08541763449708621, 0.4452896018822988, 0.4830962816874186, 0.00826728312919537, 0.4326351086298625, 0.484481543302536, 0.008490112299720444, 0.4196702341238658, 0.4838338096936544, 0.0116150372972091, 0.4004534979661306, 0.475821445385615, 0.02171906953056654, 0.455744336048762, 0.4800438682238261, 0.01085498183965683, 0.4274543325106303, 0.4478475650151571, 0.006524066440761091, 0.4415757755438486, 0.4496165712674459, 0.007972966569165388, 0.4130623837312063, 0.4492400586605072, 0.009680425437788166, 0.4030584394931793, 0.4535976052284241, 0.01419047576685746, 0.3895771602789561, 0.4842803478240967, 0.02636244148015976, 0.4565727710723877, 0.6517001589139303, -0.02052977619071802, 0.4016636212666829, 0.4680629372596741, 0.02528559044003487, 0.3469036817550659, 0.4841504196325939, 0.08084825550516446, 0.3729803065458934, 0.4749305645624797, 0.04000389079252879, 0.4373804529507955, 0.5331197579701742, -0.01244806544855237, 0.4919975399971008, 0.5820404390494028, -0.04426530003547668, 0.493604948123296, 0.5957488616307577, -0.03927759950359663, 0.4749691188335419, 0.5876447558403015, -0.03791338702042898, 0.4633298019568126, 0.5936651825904846, -0.02947447480012973, 0.4806221127510071, 0.5972607731819153, -0.03490170774360498, 0.4698073267936707, 0.5992983778317769, -0.02683361972837399, 0.4436053435007731, 0.6107644836107889, -0.01397654010603825, 0.4978157679239908, 0.5364421506722769, -0.06827811524271965, 0.4945205748081207, 0.5247903764247894, -0.07062118500471115, 0.3841166098912557, 0.4420802593231201, 0.01995581636826197, 0.4625219404697418, 0.5026807089646658, -0.007635353443523249, 0.4641376137733459, 0.5367990533510844, -0.03861135461678108, 0.4618720114231109, 0.5306998491287231, -0.03411439154297113, 0.3958491384983062, 0.5330919226010641, 0.001774658138553303, 0.494406541188558, 0.5112986266613007, -0.06102990855773291, 0.4185610810915629, 0.428766538699468, 0.001593006847542714, 0.398833562930425, 0.4328437447547913, 0.01034054687867562, 0.3658355474472046, 0.4097295602162679, 0.06567314142982165, 0.4761860768000284, 0.440492461125056, -0.007190556265413762, 0.4537056187788646, 0.4546663562456766, 0.01181160317113002, 0.4335221846898397, 0.5985564192136129, -0.01015898445621133, 0.3601929446061453, 0.6017004648844402, 0.09212012340625127, 0.4734367430210114, 0.5446044206619263, -0.03418292105197906, 0.4854675332705179, 0.5486097435156504, -0.03570298540095488, 0.4492727418740591, 0.6042407751083374, -0.01069605334972342, 0.4531500637531281, 0.6038257280985515, -0.0138521443780822, 0.3910908003648122, 0.4247601727644603, 0.01733558004101118, 0.4626778264840443, 0.5433130363623302, -0.03252477819720904, 0.4439213275909424, 0.4303163389364878, -0.004195437766611578, 0.4417739113171895, 0.4201767643292745, -0.005096291502316793, 0.4234329362710317, 0.3812945584456126, 0.02545449510216713, 0.3783685068289439, 0.4189052085081736, 0.03817586600780487, 0.4331410328547159, 0.4010780950387319, 0.00986816023942083, 0.3748086293538412, 0.4367697139581045, 0.03106353804469109, 0.361978679895401, 0.4375069737434387, 0.05759691447019577, 0.4925374984741211, 0.5896709064642588, -0.04328611617287, 0.4778982698917389, 0.5930050611495972, -0.03714679492016634, 0.4665891130765278, 0.5966991186141968, -0.02932873127671579, 0.476885696252187, 0.5471768081188202, -0.03162983991205692, 0.4513296683629354, 0.604085127512614, -0.01230118897122641, 0.4572032590707143, 0.6064277688662212, -0.02046671882271767, 0.4549893140792847, 0.6034692525863647, -0.01414528497844003, 0.4817586640516917, 0.5386860867341359, -0.05062541241447131, 0.4721583028634389, 0.600764532883962, -0.02495559270028025, 0.4824888308842977, 0.5996968150138855, -0.03027084314574798, 0.4943085511525471, 0.5991009473800659, -0.03447189927101135, 0.4891074697176615, 0.6320328513781229, -0.03013928234577179, 0.4884236057599385, 0.623726745446523, -0.04003718060751756, 0.4896958867708842, 0.6157700022061666, -0.04061942920088768, 0.4913637141386668, 0.6080482204755147, -0.03700720332562923, 0.4934714436531067, 0.6021653612454732, -0.03432584243516127, 0.471201072136561, 0.6024470329284668, -0.02475034430002173, 0.468074639638265, 0.6052489876747131, -0.02739981825773915, 0.4645058314005533, 0.609191874663035, -0.02993511889750759, 0.4613202810287476, 0.613602340221405, -0.02829719183500856, 0.4494442741076152, 0.5759303371111552, -0.02400862984359264, 0.3427660465240479, 0.541176458199819, 0.1202571180959543, 0.5066596865653992, 0.548618773619334, -0.04779805243015289, 0.4633254905541737, 0.6028138399124146, -0.01837443669016162, 0.460524837176005, 0.6044463117917379, -0.02020436618477106, 0.4890320400396982, 0.5531244874000549, -0.03771793904403845, 0.4668093621730804, 0.5514338711897532, -0.02456263623510798, 0.4870432019233704, 0.5510209699471792, -0.03678399883210659, 0.4475536048412323, 0.5097680290540059, -0.005477569454039139, 0.4273642003536224, 0.518257737159729, -0.003988397385304175, 0.4594877064228057, 0.5370648602644603, -0.02787849477802714, 0.3899081448713939, 0.3922970294952393, 0.04368483026822408, 0.4015519917011262, 0.4063161512215933, 0.02285010926425457, 0.4138089617093404, 0.4190857907136281, 0.00561503608090182, 0.4559620519479116, 0.6190827488899231, -0.02092497811342279, 0.4728522201379141, 0.4241764346758525, -0.009798218185702959, 0.4641226828098297, 0.4010090629259745, 0.002816229127347469, 0.4569350977738699, 0.3767234484354655, 0.01572009037772659, 0.4078144133090973, 0.481051524480184, 0.01674668366710345, 0.3743193348248799, 0.4929308195908865, 0.03150311236580213, 0.4623462756474813, 0.4767619967460632, 0.0134163082887729, 0.3880732357501983, 0.4589674671490988, 0.02445986742774645, 0.4717511037985483, 0.494475245475769, -0.0106549592067798, 0.4727867245674133, 0.531116247177124, -0.04978699361284574, 0.3603731095790863, 0.5049779613812765, 0.0426268180211385, 0.3855736056963603, 0.5020239452521006, 0.01868095062673092, 0.4047783811887106, 0.5069258213043213, 0.007554392019907631, 0.4305680990219116, 0.5050231913725535, 0.003282293677330017, 0.4486014445622761, 0.4998253683249155, 0.002236078182856241, 0.4618913233280182, 0.4940350949764252, 0.0007955576875247061, 0.4897804657618204, 0.478384792804718, -0.01968917654206355, 0.3619976341724396, 0.5307625830173492, 0.03498900309205055, 0.377157082160314, 0.4574188888072968, 0.03028948729236921, 0.5019101202487946, 0.5439783036708832, -0.06296667332450549, 0.4641371667385101, 0.514038493235906, -0.01506787507484357, 0.33873517314593, 0.4858327706654867, 0.1206840065618356, 0.4722279806931814, 0.487472544113795, 0.0007698797465612497, 0.4566172460714976, 0.5387925406297047, -0.01568913211425145, 0.3949731489022573, 0.4677060743172964, 0.02722505107522011, 0.4709017475446065, 0.5239560306072235, -0.04392004944384098, 0.3491164346536001, 0.5709454119205475, 0.1096573111911615, 0.4619240363438925, 0.4724915623664856, 0.01727841856578986, 0.4822396636009216, 0.5158392190933228, -0.05486137295762698, 0.3970339894294739, 0.6276596983273824, 0.02577302853266398, 0.3966154058774313, 0.6429554422696431, 0.04414095729589462, 0.3472596605618795, 0.5359027087688446, 0.0781696190436681, 0.3775605956713359, 0.6111560463905334, 0.04294208188851675, 0.35328475634257, 0.4591364165147146, 0.07305622473359108, 0.454802264769872, 0.6643545230229696, -0.0158080356195569, 0.5018161634604137, 0.5480328599611918, -0.04718370983997981, 0.4523291190465291, 0.5229313373565674, -0.01256442815065384, 0.3597004910310109, 0.4770175218582153, 0.05155972888072332, 0.4218291044235229, 0.4768946766853333, 0.01350164040923119, 0.433310071627299, 0.4778278867403666, 0.01079985002676646, 0.4541702369848887, 0.6087222099304199, -0.01863534818403423, 0.3650423487027486, 0.5555877188841502, 0.03464155147473017, 0.4794343610604603, 0.6819553772608439, -0.01465411383348207, 0.4371698896090189, 0.6675169070561726, 0.01034913708766302, 0.4190701742966969, 0.6581798394521078, 0.0251971036195755, 0.4983784953753153, 0.4024775524934132, 0.002147710028414926, 0.5075171490510305, 0.6835974454879761, -0.01672323956154287, 0.4435306588808696, 0.4769915143648783, 0.01104446314275265, 0.4526561200618744, 0.4747829536596934, 0.01346541941165924, 0.4587644040584564, 0.4736786286036174, 0.01677649157742659, 0.3655785719553629, 0.4550751944382986, 0.04315243537227312, 0.4514510134855906, 0.4651849766572316, 0.01306347300608953, 0.4403552611668905, 0.4624538818995158, 0.01064990336696307, 0.4295322597026826, 0.461527556180954, 0.01065936063726743, 0.4182112316290538, 0.4624735017617544, 0.01289519853889942, 0.4105939567089081, 0.4644670387109121, 0.0161683273812135, 0.3420567711194356, 0.4566815296808878, 0.1062122123936812, 0.4136116703351339, 0.4746671120325724, 0.0172645269582669, 0.5065168341000875, 0.5621038873990377, -0.03889357050259908, 0.4621153672536215, 0.5681552191575369, -0.02914356517915924, 0.4741224149862925, 0.5418349703152975, -0.03812925331294537, 0.489201287428538, 0.5631259083747864, -0.03888079524040222, 0.4999639689922333, 0.4615027109781901, -0.01160152025113348, 0.4172014594078064, 0.6421016057332357, 0.01238957419991493, 0.4346840778986613, 0.6537715991338094, -0.001166940977176029, 0.4792413214842478, 0.6715514262517294, -0.02794589288532734, 0.3772234618663788, 0.6263893644014994, 0.06851392736037572, 0.4590005775292714, 0.4694785475730896, 0.01567117714633545, 0.4823735356330872, 0.4965021113554636, -0.0276653707648317, 0.5087097883224487, 0.6734852194786072, -0.02970946207642555, 0.4567717711130778, 0.6757219235102336, -0.005053163195649784, 0.3519785900910695, 0.5628430942694347, 0.0718310351173083, 0.4814522266387939, 0.6021445790926615, -0.03012962484111388, 0.4782848755518596, 0.6067354480425518, -0.0329906822492679, 0.4754222830136617, 0.6125708222389221, -0.03604557551443577, 0.4732381304105123, 0.6195553143819174, -0.0351126492023468, 0.470965047677358, 0.6260494987169902, -0.02740022415916125, 0.4607041478157043, 0.6013785401980083, -0.01965471046666304, 0.4575303892294565, 0.6004623572031658, -0.01970828340078393, 0.4543877243995667, 0.5989834467569987, -0.01973500614985824, 0.4393511315186818, 0.5862337748209635, -0.01686363061890006, 0.3853794137636821, 0.5608419676621755, 0.009887689724564556, 0.4810412128766378, 0.4857941965262095, -0.0141734368323038, 0.4727550347646078, 0.4621996084849039, 0.01089022712161144, 0.4639460245768229, 0.4642079373200735, 0.01456878427416086, 0.4636494914690653, 0.6019211610158284, -0.01858131432284912, 0.3846518297990164, 0.5919278065363566, 0.02300046260158221, 0.4855855504671732, 0.4618537425994873, -0.00454254929597179, 0.4634876350561778, 0.6389409701029459, -0.02293065718064706, 0.5042055745919546, 0.4981710612773895, -0.05012794459859531, 0.4914510150750477, 0.4897100528081259, -0.03420817044874032, 0.5033544202645619, 0.4870643218358358, -0.0361865796148777, 0.4731487135092417, 0.5145802299181621, -0.03092687483876944, 0.5080375969409943, 0.6609230836232504, -0.03461584324638049, 0.5077291230360667, 0.6461477677027384, -0.03219823849697908, 0.4849678973356883, 0.6452686786651611, -0.03057582800587019, 0.4309484660625458, 0.617102324962616, -0.00841134072591861, 0.4463684856891632, 0.5491883754730225, -0.01449840112278859, 0.4459213316440582, 0.6297618349393208, -0.01551444556874534, 0.4165489872296651, 0.5475532015164692, -0.0107852854707744, 0.4353487888971964, 0.5612560212612152, -0.01490391930565238, 0.404952347278595, 0.5688768923282623, -0.004596558399498463, 0.4816026488939922, 0.6599002281824747, -0.03228303169210752, 0.4642749925454458, 0.5223408937454224, -0.02364247313623006, 0.4206013282140096, 0.6269592046737671, 0.00101781077682972, 0.4391551613807678, 0.6406796375910441, -0.008602530074616272, 0.4202741781870524, 0.6010905106862385, -0.005452397589882214, 0.3696714142958323, 0.5773468414942424, 0.03550135344266891, 0.4032802482446035, 0.6046125094095867, 0.005848690867424015, 0.3607259293397268, 0.5883847077687582, 0.06201630334059398, 0.4252240856488546, 0.5785524050394694, -0.01187496636218081, 0.4730105002721151, 0.5048304597536722, -0.0207823010860011, 0.477931539217631, 0.5363616148630778, -0.05281493440270424, 0.4688761830329895, 0.5407384435335795, -0.04032193248470625, 0.4830253124237061, 0.5268342792987823, -0.06057591984669367, 0.463066041469574, 0.450466533501943, 0.00782275906143089, 0.4427646398544312, 0.4425392846266428, 0.005141095723956823, 0.4243516325950623, 0.4405656059583029, 0.004556010477244854, 0.4075894554456075, 0.4427552223205566, 0.008739204766849678, 0.3951787451903025, 0.448689858118693, 0.01549430626134078, 0.3853587210178376, 0.4712096154689789, 0.03135520219802856, 0.3449700375398, 0.509590228398641, 0.0799528956413269, 0.3978043595949809, 0.4894931316375732, 0.01930211049815019, 0.4127375582853953, 0.4937566518783569, 0.01225362283488115, 0.430765946706136, 0.4936395188172659, 0.007742657947043579, 0.4470174113909403, 0.4908187985420227, 0.006511838796238106, 0.4592245221138, 0.4865748087565104, 0.007953255437314509, 0.4678094983100891, 0.4825559159119924, 0.008024361605445543, 0.3400091528892517, 0.5131211976210277, 0.1247988641262054, 0.4677729606628418, 0.5448471506436666, -0.03448490363856157, 0.4829587837060293, 0.5057071149349213, -0.03945805442829927, 0.4880959391593933, 0.5356156925360361, -0.06229134773214659, 0.4952051341533661, 0.5427014827728271, -0.05780098959803581, 0.4875540137290955, 0.5387193163235982, -0.05636817589402199, 0.4716304043928783, 0.5492891470591227, -0.03066442503283421, 0.4979735712210337, 0.5435655017693838, -0.06128103410204251, 0.4979896942774454, 0.5475882490475973, -0.04712691654761633, 0.4666474858919779, 0.4726075530052185, 0.01569643896073103, 0.4746475617090861, 0.4756287733713785, 0.008382169374575216, 0.4798683921496073, 0.477682371934255, -0.0007293935244282092, 0.4057437876860301, 0.4663980106512705, 0.02007936810453733, 0.3958678245544434, 0.4596321682135265, 0.02082066920896371, 0.5152098735173543, 0.5002438823382059, -0.04535978597899278, 0.5888609886169434, 0.472461462020874, 0.03274829002718131, 0.5183937152226765, 0.5461212197939554, -0.04589856291810672, 0.6252141197522482, 0.4359972377618154, 0.1064692974711458, 0.5524260203043619, 0.479900340239207, 0.01588902956185242, 0.5644552707672119, 0.482035090525945, 0.01773313091446956, 0.576759954293569, 0.4827776849269867, 0.02210353873670101, 0.5935946901639303, 0.4770429035027822, 0.03429750849803289, 0.5426276922225952, 0.4762431780497233, 0.01700721898426612, 0.5739913781483968, 0.4479915301005046, 0.01586308147913466, 0.559746543566386, 0.4481424589951833, 0.01521717832171513, 0.5873494148254395, 0.450902928908666, 0.02063423635748526, 0.59553990761439, 0.4562317927678426, 0.02595345706989368, 0.6032657623291016, 0.4859460095564524, 0.04030949498216311, 0.5541891256968181, 0.6521392663319906, -0.01440389376754562, 0.594004253546397, 0.4695805112520854, 0.03758948606749376, 0.6341709891955059, 0.488311101992925, 0.1006967479576512, 0.6182730595270793, 0.4777960379918417, 0.05517560119430224, 0.5679800709088643, 0.5348317921161652, -0.004669331014156342, 0.5248229602972666, 0.581331729888916, -0.04236888699233532, 0.5223403871059418, 0.5950230360031128, -0.03752926674981912, 0.5414791504542033, 0.5863897502422333, -0.03380828180039923, 0.5522660811742147, 0.591622273127238, -0.02378115430474281, 0.5353418489297231, 0.5957898298899332, -0.03134930987531941, 0.5461193323135376, 0.5973224838574728, -0.02197338889042537, 0.5649915933609009, 0.6121925711631775, -0.006618452491238713, 0.5183324913183848, 0.5366019805272421, -0.06716455767552058, 0.519902636607488, 0.5250502824783325, -0.06931193297108014, 0.614599605401357, 0.4468340675036113, 0.03374705463647842, 0.5408729513486226, 0.5040455361207327, -0.002664197236299515, 0.546766996383667, 0.5378409326076508, -0.03396771429106593, 0.547915518283844, 0.5321256717046102, -0.02943125274032354, 0.6031109293301901, 0.5358641445636749, 0.01515326679994663, 0.5178173979123433, 0.511616865793864, -0.05946009109417597, 0.5850757161776224, 0.4314477642377217, 0.01132833771407604, 0.6027892430623373, 0.4370200832684835, 0.02240627196927865, 0.6131888429323833, 0.4135373334089915, 0.08381435732978085, 0.5287672380606333, 0.4389460682868958, -0.004092744241158167, 0.5472777982552846, 0.4519219100475311, 0.01778759714215994, 0.5735562046368917, 0.6010894775390625, -0.001265209245805938, 0.6176411708196003, 0.601324220498403, 0.1129932105541229, 0.5362869401772817, 0.5449387629826864, -0.03102546806136767, 0.5254009465376537, 0.5487188895543417, -0.03411170157293479, 0.5657923817634583, 0.600286622842153, -0.002940009037653606, 0.5618289113044739, 0.6002150177955627, -0.007006519008427858, 0.6108428239822388, 0.4295832713445028, 0.0302386162802577, 0.5464605589707692, 0.544084240992864, -0.02801539531598489, 0.5610814094543457, 0.4311183293660482, 0.002153156946102778, 0.5638477802276611, 0.4214543799559275, 0.001559061308701834, 0.5653149882952373, 0.3835600018501282, 0.03579595126211643, 0.6089763045310974, 0.4231340984503428, 0.05282210248212019, 0.5598848263422649, 0.4036610325177511, 0.01780518796294928, 0.6232490539550781, 0.4420153796672821, 0.04634997621178627, 0.6215201218922932, 0.4418336749076843, 0.07413495083649953, 0.5238698919614156, 0.5889662901560466, -0.04131925789018472, 0.5382936000823975, 0.591481347878774, -0.03334223230679829, 0.549384077390035, 0.5944848855336506, -0.02416753955185413, 0.5325361688931783, 0.5475241839885712, -0.02884409188603362, 0.5637841622034708, 0.6003208160400391, -0.005127979287256796, 0.5575259327888489, 0.6031481424967449, -0.01428802373508612, 0.5601532657941183, 0.6001101930936177, -0.007513266832878193, 0.5316097040971121, 0.5395025412241617, -0.0475418580075105, 0.5433750748634338, 0.5988831917444866, -0.02036803448572755, 0.5329310595989227, 0.5983608961105347, -0.0269231543255349, 0.5208954910437266, 0.5985331137975057, -0.03251939577360948, 0.5249629815419514, 0.6318855881690979, -0.02821702758471171, 0.5237491528193156, 0.6227669517199198, -0.03804220259189606, 0.5233280857404073, 0.6147661805152893, -0.03853457234799862, 0.5224234561125438, 0.6072349349657694, -0.03491174429655075, 0.5205791691939037, 0.6013341744740804, -0.03236814526220162, 0.5434896151224773, 0.6002648870150248, -0.02007467625662684, 0.5468300382296244, 0.6030505100886027, -0.02275453476856152, 0.5499697526295979, 0.606540282567342, -0.0250329989551877, 0.5520675579706827, 0.6109218796094259, -0.02307137986645103, 0.5601732432842255, 0.5776974260807037, -0.01762977366646131, 0.6283182501792908, 0.5431445141633352, 0.1436320717136065, 0.5519503951072693, 0.6002473632494609, -0.01264607316503922, 0.5546877980232239, 0.6015564203262329, -0.01434612243125836, 0.5219896535078685, 0.553564578294754, -0.03603762574493885, 0.5417542556921641, 0.5521556635697682, -0.02079988022645315, 0.5239091118176779, 0.5512328644593557, -0.03518728353083134, 0.5532377560933431, 0.5113357106844585, 0.001439076848328112, 0.5737322171529133, 0.5201304157574972, 0.005431813032676775, 0.5487849414348602, 0.5382462640603383, -0.02299664293726285, 0.5945502320925395, 0.39563583334287, 0.05856353075553974, 0.5892155170440674, 0.4099443157513936, 0.0344248575468858, 0.5906344850858052, 0.4221108853816986, 0.01569644594565034, 0.5550029178460438, 0.620125432809194, -0.01472525577992201, 0.5338156620661417, 0.4233407179514567, -0.006249912083148955, 0.530915508667628, 0.402389814456304, 0.006900765933096408, 0.5330524047215779, 0.377840518951416, 0.02105378953274339, 0.58702685435613, 0.4812625249226888, 0.02852451739211877, 0.6156676014264425, 0.4953853189945221, 0.04690609127283096, 0.5364462435245514, 0.472695251305898, 0.01884679837773244, 0.6074390014012655, 0.4621816476186116, 0.03794534256060918, 0.5320539573828379, 0.4954088926315308, -0.006671348586678506, 0.5399221479892731, 0.5319089988867441, -0.04606628262748321, 0.6291223168373108, 0.5087270140647888, 0.060524287323157, 0.6059691111246746, 0.5039795339107513, 0.03320811005930106, 0.5889158646265665, 0.5075498322645824, 0.01965058765684565, 0.565258781115214, 0.5038034717241923, 0.01270256051793695, 0.5487241248289745, 0.4972350498040516, 0.009268432389944792, 0.5368159214655558, 0.4905543526013693, 0.005941765227665503, 0.5140599608421326, 0.4788734813531239, -0.01802018579716484, 0.6285246213277181, 0.5339290499687195, 0.05303148304422696, 0.6176725625991821, 0.4611901938915253, 0.04522540234029293, 0.5139185885588329, 0.5439065098762512, -0.06202286233504613, 0.5408172607421875, 0.5151123305161793, -0.01032005188365777, 0.6308568914731344, 0.4887111783027649, 0.144838976363341, 0.5275960167249044, 0.4835405945777893, 0.004770499654114246, 0.5490503807862599, 0.5398089786370596, -0.01055825315415859, 0.5993856390317281, 0.4700214564800262, 0.04027188569307327, 0.5389306445916494, 0.5250922441482544, -0.04027935195093354, 0.6248182058334351, 0.5721492171287537, 0.1319175225992998, 0.5374502638975779, 0.4686307311058044, 0.02297000276545684, 0.5287829041481018, 0.5166951020558674, -0.0519943293184042, 0.6021776000658671, 0.6281550923983257, 0.03947992747028669, 0.5963374574979147, 0.6427600582440695, 0.06011006142944097, 0.6353158156077067, 0.5394004384676615, 0.09835567092522977, 0.6144505143165588, 0.6126293738683065, 0.05914888096352418, 0.6268036762873332, 0.4636080265045166, 0.0914537919064363, 0.5566702882448832, 0.6653941671053568, -0.009269946021959186, 0.5108748773733774, 0.5482482016086578, -0.04654618601004283, 0.5527945160865784, 0.5248904824256897, -0.006485876006384689, 0.6290150284767151, 0.4803851942221324, 0.06890917445222537, 0.576032022635142, 0.4754926164944967, 0.02392159029841422, 0.5653279026349386, 0.4754491051038107, 0.02014984050765634, 0.5604490240414938, 0.6052630146344502, -0.01222458512832721, 0.6264441410700481, 0.5586890677611033, 0.05220189690589905, 0.5332391262054443, 0.6825275222460429, -0.01059312249223391, 0.5678543051083883, 0.6669475038846334, 0.02051987250645956, 0.5815489292144775, 0.6574844717979431, 0.03800507883230845, 0.5552460352579752, 0.4736853440602621, 0.01897389767691493, 0.5461106598377228, 0.4709969560305278, 0.02042155774931113, 0.5401095946629841, 0.4696847399075826, 0.02292403361449639, 0.6268936594327291, 0.4590893983840942, 0.05934194289147854, 0.5488692323366802, 0.4616992175579071, 0.01975784171372652, 0.5597661137580872, 0.4594954351584116, 0.01842420392980178, 0.5707157651583353, 0.4598778883616129, 0.01963359955698252, 0.5813529888788859, 0.4622393349806468, 0.02328021063779791, 0.5874139865239462, 0.4652020136515299, 0.02736860141158104, 0.6299474040667216, 0.4596277972062429, 0.1293977902581294, 0.5834487875302632, 0.4740990996360779, 0.02869122878958781, 0.5482381880283356, 0.5691921810309093, -0.02422978077083826, 0.5376256505648295, 0.5421453317006429, -0.03496672104423245, 0.5236996213595072, 0.5635339419047039, -0.03705689186851183, 0.5877612034479777, 0.6438014904657999, 0.02352802331248919, 0.5726362069447836, 0.6543135643005371, 0.007575482750932375, 0.5358684162298838, 0.6716343959172566, -0.02441490317384402, 0.6079455216725667, 0.6257161498069763, 0.08699157492568095, 0.5410375396410624, 0.4657374620437622, 0.02173134715606769, 0.5241751372814178, 0.4973987440268198, -0.02499533568819364, 0.5522974332173666, 0.6752955317497253, 0.002505154038468996, 0.631360669930776, 0.5659604171911875, 0.09121002877751987, 0.5326749781767527, 0.6006237864494324, -0.02656805142760277, 0.5358293056488037, 0.6049643158912659, -0.02937941656758388, 0.5380593736966451, 0.6108269890149434, -0.03213937114924192, 0.5394528905550638, 0.6177344918251038, -0.03090437718977531, 0.5416434009869893, 0.6273623704910278, -0.0228373227485766, 0.5549613833427429, 0.5987489422162374, -0.01377205116053423, 0.5580802162488301, 0.5975350737571716, -0.01336838615437349, 0.5607867240905762, 0.5961108803749084, -0.01290864963084459, 0.5694254239400228, 0.5881755550702413, -0.008676379919052122, 0.6119469404220581, 0.5632269283135731, 0.02454325060049693, 0.5222284098466238, 0.4863486488660177, -0.01149590934316317, 0.5282460252443949, 0.4588418404261271, 0.0141210425645113, 0.5360888739426931, 0.4607158799966176, 0.01967230842759212, 0.5521277288595836, 0.5994555751482645, -0.01287179874877135, 0.6119887630144756, 0.5940122604370117, 0.03820022195577622, 0.5165634453296661, 0.4583529432614644, -0.002631640682617824, 0.548373262087504, 0.6396362384160359, -0.01793333080907663, 0.5140574177106222, 0.4897843897342682, -0.03276843360314766, 0.534661481777827, 0.5156498948733013, -0.02743644438063105, 0.5290840864181519, 0.6453630924224854, -0.02815729441742102, 0.5748112003008524, 0.6184981067975361, 0.00027752007978658, 0.5593201220035553, 0.5504032174746195, -0.008163141086697578, 0.5640405416488647, 0.6309513449668884, -0.008520487928763034, 0.5869737068812052, 0.5499039987723032, -0.0006384113803505898, 0.5715627074241638, 0.5630070269107819, -0.007044777895013491, 0.5971323053042094, 0.5707509418328603, 0.007045704793805875, 0.5341858963171641, 0.6594540476799011, -0.02897245436906815, 0.5424763262271881, 0.5235212743282318, -0.01933160796761513, 0.5858370463053385, 0.6282349824905396, 0.01128570983807246, 0.5690396030743917, 0.6414434909820557, -0.0004799696616828442, 0.5846889416376749, 0.602851132551829, 0.00489772732059161, 0.6221275925636292, 0.579289476076762, 0.05261890341838201, 0.5990777214368184, 0.6062954664230347, 0.01841499904791514, 0.6247443159421285, 0.5896700620651245, 0.08057089212040107, 0.5816164612770081, 0.5799981951713562, -0.002253202411035694, 0.5323265492916107, 0.5060948332150778, -0.01698188049097856, 0.5357804298400879, 0.5372698307037354, -0.04937638652821382, 0.5424167911211649, 0.5419054726759593, -0.03645662334747612, 0.5307529767354329, 0.5278241137663523, -0.05789224430918694, 0.5388498107592264, 0.4480482339859009, 0.01234364451374858, 0.5597909688949585, 0.4419743021329244, 0.01218118169344962, 0.5780688524246216, 0.4418798287709554, 0.01402890558044115, 0.5929743647575378, 0.4455602963765461, 0.02010580245405435, 0.6030735969543457, 0.4521452089150746, 0.02827217398832242, 0.607176144917806, 0.4739897151788076, 0.04565312465031942, 0.6366243362426758, 0.5134554207324982, 0.1004477233315507, 0.5957697033882141, 0.4909350275993347, 0.03231290665765603, 0.5823984742164612, 0.4935188492139181, 0.02338707229743401, 0.5654876033465068, 0.4920817812283834, 0.0169457943799595, 0.5502863725026449, 0.4879230459531149, 0.01376770227216184, 0.5391882558663686, 0.4828527470429739, 0.01328238922481735, 0.5313416222731272, 0.4784744878609974, 0.01241244833605985, 0.6304361621538798, 0.5156250298023224, 0.1488638184964657, 0.5416780511538187, 0.5455410281817119, -0.03066541044972837, 0.5256539185841879, 0.5067707796891531, -0.03674839700882633, 0.5278290013472239, 0.5364610254764557, -0.06012097746133804, 0.5191077490647634, 0.5434160133202871, -0.05654369294643402, 0.5261868635813395, 0.5395963688691457, -0.05425282629827659, 0.537690778573354, 0.5494878192742666, -0.02740473369097648, 0.5172796448071798, 0.5437519053618113, -0.06025119374195735, 0.51579150557518, 0.5477262039979299, -0.046308899919192, 0.5325915614763896, 0.4687493145465851, 0.02045566511029999, 0.5254485209782918, 0.4714076717694601, 0.01163968699984252, 0.5207427342732747, 0.4736596643924713, 0.002073820059498151, 0.5913209716478983, 0.4676337937513987, 0.03189531651635965, 0.6002713640530903, 0.4624104301134745, 0.03317968485256036, 0.4311829805374146, 0.4672636787096659, 0.01533811228970687, 0.4441772401332855, 0.4673862059911092, 0.01533811228970687, 0.4308926165103912, 0.4570249815781912, 0.01533811228970687, 0.4177433053652445, 0.4671541452407837, 0.01533811228970687, 0.4310886164506276, 0.4775387843449911, 0.01533811228970687, 0.5642552574475607, 0.4686513543128967, 0.02440506623437007, 0.5756903489430746, 0.4693543016910553, 0.02440506623437007, 0.5643647313117981, 0.4589376648267109, 0.02440506623437007, 0.5529499848683676, 0.4678503274917603, 0.02440506623437007, 0.5641351938247681, 0.4782157341639202, 0.02440506623437007]	\N	\N	\N	\N
\.


ALTER TABLE public."UserHairProfile" ENABLE TRIGGER ALL;

--
-- Data for Name: _prisma_migrations; Type: TABLE DATA; Schema: public; Owner: -
--

ALTER TABLE public._prisma_migrations DISABLE TRIGGER ALL;

COPY public._prisma_migrations (id, checksum, finished_at, migration_name, logs, rolled_back_at, started_at, applied_steps_count) FROM stdin;
0d3853c7-687c-432a-8702-f16bb10f21e2	ba599c1fbb221466a673eab644a992b1c536d3b81a0243cf1a5f52499138e40b	2026-02-24 06:27:56.149796+00	20260224062756_init_users	\N	\N	2026-02-24 06:27:56.125667+00	1
861d698d-703e-4d32-970c-9df7f11a4c86	ec4485b4f946b912bb4a28ddae32d45649dc27d12e2c80f48411ac961e721cc1	2026-03-25 07:05:15.552408+00	20260325070515_add_style_table	\N	\N	2026-03-25 07:05:15.470373+00	1
7b718fae-faf9-4e69-9629-ad730566ba97	1ccb48a60fb11c9478bfbee052888551324325ecbb63d6acac28b068efe5bc9e	2026-02-26 14:43:32.52032+00	20260226144332_add_user_name	\N	\N	2026-02-26 14:43:32.506948+00	1
5d2a66f6-aea0-4a07-91b9-dd46ca1f9263	484d3bdead78fde48105b4349bbc213f503177ce24bdc97fc355c0eb7ae8ac98	2026-02-27 05:20:49.933447+00	20260227052049_salon_details	\N	\N	2026-02-27 05:20:49.893996+00	1
0cc4ae22-004f-4166-87cd-f1b83f7f5378	ab1067ad2bfaf39dd5919ce05801db576b76759213027a05243bc44e1847ccac	2026-02-27 10:21:59.558562+00	20260227102159_add_service	\N	\N	2026-02-27 10:21:59.537473+00	1
fda6b646-b4b4-4aa7-b4e9-403257e26b0e	b333cd9e62e07eb8ab393e11a7b03f4753edc87180a1dc2c99e0e341a9cf80ec	2026-03-26 08:49:42.6428+00	20260326084942_add_user_hair_profile	\N	\N	2026-03-26 08:49:42.397286+00	1
4ea0ce03-c746-498b-a9ca-76d13bbe343b	c92f3f43d25b5956361eb27da710ce2bc659a08a2eb302158767ed72909de7ae	2026-03-02 05:56:26.140021+00	20260302055626_add_service_categories	\N	\N	2026-03-02 05:56:26.112511+00	1
4ba12c58-c89c-46dd-85ca-837a71a907cc	8d8c78303fa0d73a3c345a6b081744104bfdba9ede8dd945e89aaea9759c4fa9	2026-03-02 15:20:36.43148+00	20260302152036_add_stylists	\N	\N	2026-03-02 15:20:36.342321+00	1
7a4b0adf-32aa-47cd-95e1-e644777d34d2	bb80e4deb17e2a35319f7a04fdc6a4bc39176fff11a9ebb30b2e0b020f2a8bae	2026-03-12 05:35:26.357799+00	20260312053526_stylist_service_assignment	\N	\N	2026-03-12 05:35:26.270708+00	1
b86cfd3f-84be-4df7-bbda-dc9e9e94c94e	b373de0eda9bd9cc295bbfba64c37a6431d7a527390eec457fa45fd8ff5da613	2026-03-30 06:30:50.778424+00	20260330063050_add_payment_table	\N	\N	2026-03-30 06:30:50.756107+00	1
bbe8b130-87bc-4981-874f-a7a1114e73ec	03f12ac45b388086c3e58f082f754ab6ce5b7d035e0800739d8d0834df3910a8	2026-03-12 06:19:34.584099+00	20260312061934_add_weekly_shifts	\N	\N	2026-03-12 06:19:34.513046+00	1
e6cbff77-d1e6-445d-adc5-d872e376eb13	1e5ebc6fda34d8d68c6064b517cb1c9ac7879dbad6f094ab0f47f48aaf06a0a8	2026-03-18 09:34:57.624568+00	20260318093457_add_customer_model	\N	\N	2026-03-18 09:34:57.597166+00	1
212aef47-d99b-4539-ae2e-f8304ad3433f	7cfde3c15eb59a117164c9808f6a81185744b87f3e93fd7aab16c179dabd1416	2026-03-18 16:08:00.587717+00	20260318160800_add_salon_slot_duration	\N	\N	2026-03-18 16:08:00.4155+00	1
60d20109-2b06-4b37-88de-f27a36dbdf8a	16394c88dd0f5744bbf990e86085b0adc1b9d8a7d105cb5d114e86dde3fd22f7	2026-03-30 11:03:29.392807+00	20260330110329_pending_payments	\N	\N	2026-03-30 11:03:29.120742+00	1
117c6171-3846-40d4-8551-d2ea642f4067	79006dba05ddb68bb06646661ff8538f6d65267cccf2d232d62e22024e0c8ec1	2026-03-19 06:38:08.675427+00	20260319063808_add_appointments	\N	\N	2026-03-19 06:38:08.630796+00	1
28ccf9de-d174-41e1-87b8-d2ab6c2dc07c	76ec17375bbdfe9f3c83df4614f0c9109e2c3be2401ddb0808f7c4108e1e3385	2026-03-20 07:18:26.415219+00	20260320071826_add_appointment_service_timing	\N	\N	2026-03-20 07:18:26.335052+00	1
9b768979-2975-40f4-a19c-6e07045c861f	da8a6a2103be96642f009b7a4e37db932e0ccf745e8040aab106ccb8009f8efd	2026-03-20 07:21:09.791343+00	20260320072109_bug_fixes	\N	\N	2026-03-20 07:21:09.638687+00	1
5257492a-baa2-4723-bc51-10abdfa652f5	46e369b3b40737795c93c28aae89c0292e68a808d6796785497792ade8842c27	2026-03-31 05:58:08.02905+00	20260331055807_add_face_detection	\N	\N	2026-03-31 05:58:08.008064+00	1
0de673fb-3f88-4747-a9c4-cef977acd012	d1db7812467ce7dc01889f7d0e7c4baf912c72cf9bd1a1ee41c05d3db6175ab7	2026-04-02 10:11:59.774295+00	20260402101159_add_face_scan	\N	\N	2026-04-02 10:11:59.76369+00	1
\.


ALTER TABLE public._prisma_migrations ENABLE TRIGGER ALL;

--
-- PostgreSQL database dump complete
--

\unrestrict R1g9vEoigJOlJxl9V4CTh4YqPew3P9vdDJUdZp9CzBNUBKnB1VrqZcFCA5UCmQd

